member_name,ukparliament_member_id,they_work_for_you_mp_id,party_short_name,party_name,pcon19cd,pcon19nm,ukparliament_pcon_id
Ms Diane Abbott,172,10001,Lab,Labour,E14000720,Hackney North and Stoke Newington,3506
Debbie Abrahams,4212,25034,Lab,Labour,E14000870,Oldham East and Saddleworth,3670
Nigel Adams,4057,24878,Con,Conservative,E14000917,Selby and Ainsty,3720
Bim Afolami,4639,25661,Con,Conservative,E14000749,Hitchin and Harpenden,3535
Adam Afriyie,1586,11929,Con,Conservative,E14001042,Windsor,3855
Nickie Aiken,4741,25817,Con,Conservative,E14000639,Cities of London and Westminster,3415
Peter Aldous,4069,24904,Con,Conservative,E14001022,Waveney,3834
Rushanara Ali,4138,24958,Lab,Labour,E14000555,Bethnal Green and Bow,3320
Tahir Ali,4747,25888,Lab,Labour,E14000562,"Birmingham, Hall Green",3327
Lucy Allan,4411,25337,Con,Conservative,E14000989,Telford,3797
Dr Rosena Allin-Khan,4573,25579,Lab,Labour,E14000998,Tooting,3806
Mike Amesbury,4667,25702,Lab,Labour,E14001024,Weaver Vale,3836
Fleur Anderson,4788,25813,Lab,Labour,E14000887,Putney,3689
Lee Anderson,4743,25894,Con,Conservative,E14000535,Ashfield,3296
Stuart Anderson,4742,25818,Con,Conservative,E14001051,Wolverhampton South West,3864
Stuart Andrew,4032,24864,Con,Conservative,E14000886,Pudsey,3688
Caroline Ansell,4512,25335,Con,Conservative,E14000684,Eastbourne,3467
Tonia Antoniazzi,4623,25634,Lab,Labour,W07000046,Gower,3499
Edward Argar,4362,25396,Con,Conservative,E14000625,Charnwood,3401
Jonathan Ashworth,4244,25120,Lab,Labour (Co-op),E14000783,Leicester South,3571
Sarah Atherton,4855,25810,Con,Conservative,W07000044,Wrexham,3869
Victoria Atkins,4399,25424,Con,Conservative,E14000798,Louth and Horncastle,3587
Gareth Bacon,4798,25750,Con,Conservative,E14000872,Orpington,3672
Mr Richard Bacon,1451,10707,Con,Conservative,E14000941,South Norfolk,3746
Kemi Badenoch,4597,25693,Con,Conservative,E14000910,Saffron Walden,3713
Shaun Bailey,4757,25814,Con,Conservative,E14001030,West Bromwich West,3842
Siobhan Baillie,4847,25838,Con,Conservative,E14000980,Stroud,3786
Duncan Baker,4784,25844,Con,Conservative,E14000848,North Norfolk,3647
Mr Steve Baker,4064,24786,Con,Conservative,E14001056,Wycombe,3870
Harriett Baldwin,4107,24785,Con,Conservative,E14001035,West Worcestershire,3848
Steve Barclay,4095,24916,Con,Conservative,E14000842,North East Cambridgeshire,3641
Hannah Bardell,4486,25409,SNP,Scottish National Party,S14000044,Livingston,1826
Paula Barker,4828,25819,Lab,Labour,E14000795,"Liverpool, Wavertree",3583
Mr John Baron,1390,10715,Con,Conservative,E14000544,Basildon and Billericay,3305
Simon Baynes,4800,25799,Con,Conservative,W07000062,Clwyd South,3420
Margaret Beckett,328,10031,Lab,Labour,E14000663,Derby South,3443
Órfhlaith Begley,4697,25726,SF,Sinn Féin,N06000018,West Tyrone,3847
Apsana Begum,4790,25914,Lab,Labour,E14000882,Poplar and Limehouse,3683
Aaron Bell,4837,25916,Con,Conservative,E14000834,Newcastle-under-Lyme,3628
Hilary Benn,413,10669,Lab,Labour,E14000777,Leeds Central,3565
Scott Benton,4793,25800,Con,Conservative,E14000573,Blackpool South,3338
Sir Paul Beresford,103,10041,Con,Conservative,E14000824,Mole Valley,3615
Jake Berry,4060,24860,Con,Conservative,E14000902,Rossendale and Darwen,3705
Mr Clive Betts,394,10045,Lab,Labour,E14000920,Sheffield South East,3723
Saqib Bhatti,4818,25847,Con,Conservative,E14000812,Meriden,3601
Mhairi Black,4421,25269,SNP,Scottish National Party,S14000053,Paisley and Renfrewshire South,2286
Ian Blackford,4390,25361,SNP,Scottish National Party,S14000055,"Ross, Skye and Lochaber",2456
Bob Blackman,4005,24945,Con,Conservative,E14000731,Harrow East,3517
Kirsty Blackman,4357,25314,SNP,Scottish National Party,S14000001,Aberdeen North,14
Olivia Blake,4864,25908,Lab,Labour,E14000922,"Sheffield, Hallam",3725
Paul Blomfield,4058,24943,Lab,Labour,E14000919,Sheffield Central,3722
Crispin Blunt,104,10051,Con,Conservative,E14000893,Reigate,3695
Mr Peter Bone,1581,11915,Con,Conservative,E14001025,Wellingborough,3837
Steven Bonnar,4748,25861,SNP,Scottish National Party,S14000011,"Coatbridge, Chryston and Bellshill",728
Sir Peter Bottomley,117,10057,Con,Conservative,E14001055,Worthing West,3868
Andrew Bowie,4601,25703,Con,Conservative,S14000058,West Aberdeenshire and Kincardine,3096
Ben Bradley,4663,25683,Con,Conservative,E14000810,Mansfield,3599
Karen Bradley,4110,24725,Con,Conservative,E14000966,Staffordshire Moorlands,3771
Mr Ben Bradshaw,230,10061,Lab,Labour,E14000698,Exeter,3481
Sir Graham Brady,435,10062,Con,Conservative,E14000532,Altrincham and Sale West,3291
Mickey Brady,4373,13893,SF,Sinn Féin,N06000011,Newry and Armagh,3631
Suella Braverman,4475,25272,Con,Conservative,E14000699,Fareham,3482
Kevin Brennan,1400,10753,Lab,Labour,W07000079,Cardiff West,3392
Jack Brereton,4643,25698,Con,Conservative,E14000974,Stoke-on-Trent South,3779
Andrew Bridgen,4133,24741,Con,Conservative,E14000858,North West Leicestershire,3657
Steve Brine,4067,24901,Con,Conservative,E14001041,Winchester,3854
Paul Bristow,4792,25795,Con,Conservative,E14000878,Peterborough,3678
Sara Britcliffe,4838,25876,Con,Conservative,E14000758,Hyndburn,3544
Deidre Brock,4417,25336,SNP,Scottish National Party,S14000023,Edinburgh North and Leith,1041
Alan Brown,4470,25268,SNP,Scottish National Party,S14000040,Kilmarnock and Loudoun,1624
Ms Lyn Brown,1583,11921,Lab,Labour,E14001032,West Ham,3844
Mr Nicholas Brown,523,10069,Lab,Labour,E14000832,Newcastle upon Tyne East,3626
Anthony Browne,4801,25850,Con,Conservative,E14000934,South Cambridgeshire,3738
Fiona Bruce,3958,24857,Con,Conservative,E14000646,Congleton,3424
Chris Bryant,1446,10761,Lab,Labour,W07000052,Rhondda,3696
Felicity Buchan,4821,25891,Con,Conservative,E14000768,Kensington,3555
Ms Karen Buck,199,10075,Lab,Labour,E14001036,Westminster North,3849
Sir Robert Buckland,4106,24843,Con,Conservative,E14000947,South Swindon,3752
Alex Burghart,4613,25659,Con,Conservative,E14000594,Brentwood and Ongar,3361
Richard Burgon,4493,25391,Lab,Labour,E14000778,Leeds East,3566
Conor Burns,3922,24780,Con,Conservative,E14000585,Bournemouth West,3351
Dawn Butler,1489,11447,Lab,Labour,E14000591,Brent Central,3358
Rob Butler,4745,25895,Con,Conservative,E14000538,Aylesbury,3299
Ian Byrne,4831,25816,Lab,Labour,E14000796,"Liverpool, West Derby",3584
Liam Byrne,1171,11360,Lab,Labour,E14000563,"Birmingham, Hodge Hill",3328
Ruth Cadbury,4389,25343,Lab,Labour,E14000593,Brentford and Isleworth,3360
Alun Cairns,4086,24740,Con,Conservative,W07000078,Vale of Glamorgan,3819
Amy Callaghan,4770,25863,SNP,Scottish National Party,S14000018,East Dunbartonshire,965
Dr Lisa Cameron,4412,25276,SNP,Scottish National Party,S14000019,"East Kilbride, Strathaven and Lesmahagow",985
Sir Alan Campbell,529,10086,Lab,Labour,E14001006,Tynemouth,3815
Mr Gregory Campbell,1409,10780,DUP,Democratic Unionist Party,N06000006,East Londonderry,3463
Dan Carden,4651,25642,Lab,Labour,E14000794,"Liverpool, Walton",3582
Mr Alistair Carmichael,1442,10785,LD,Liberal Democrat,S14000051,Orkney and Shetland,2256
Andy Carter,4791,25884,Con,Conservative,E14001018,Warrington South,3830
James Cartlidge,4519,25414,Con,Conservative,E14000946,South Suffolk,3751
Sir William Cash,288,10095,Con,Conservative,E14000975,Stone,3780
Miriam Cates,4865,25897,Con,Conservative,E14000876,Penistone and Stocksbridge,3676
Maria Caulfield,4492,25397,Con,Conservative,E14000786,Lewes,3574
Alex Chalk,4481,25340,Con,Conservative,E14000630,Cheltenham,3406
Wendy Chamberlain,4765,25872,LD,Liberal Democrat,S14000049,North East Fife,2135
Sarah Champion,4267,25168,Lab,Labour,E14000904,Rotherham,3707
Douglas Chapman,4402,25305,SNP,Scottish National Party,S14000017,Dunfermline and West Fife,929
Bambos Charalambous,4610,25676,Lab,Labour,E14000692,"Enfield, Southgate",3475
Joanna Cherry,4419,25404,SNP,Scottish National Party,S14000025,Edinburgh South West,1048
Rehman Chishti,3987,24920,Con,Conservative,E14000711,Gillingham and Rainham,3496
Sir Christopher Chope,242,10103,Con,Conservative,E14000638,Christchurch,3414
Jo Churchill,4380,25408,Con,Conservative,E14000613,Bury St Edmunds,3381
Feryal Clark,4822,25896,Lab,Labour,E14000691,Enfield North,3474
Greg Clark,1578,11884,Con,Conservative,E14001004,Tunbridge Wells,3813
Mr Simon Clarke,4655,25657,Con,Conservative,E14000820,Middlesbrough South and East Cleveland,3611
Theo Clarke,4819,25900,Con,Conservative,E14000965,Stafford,3770
Brendan Clarke-Smith,4756,25862,Con,Conservative,E14000546,Bassetlaw,3307
Chris Clarkson,4835,25825,Con,Conservative,E14000747,Heywood and Middleton,3533
James Cleverly,4366,25376,Con,Conservative,E14000590,Braintree,3356
Sir Geoffrey Clifton-Brown,249,10119,Con,Conservative,E14000991,The Cotswolds,3799
Dr Thérèse Coffey,4098,24771,Con,Conservative,E14000981,Suffolk Coastal,3787
Elliot Colburn,4775,25907,Con,Conservative,E14000621,Carshalton and Wallington,3396
Damian Collins,3986,24744,Con,Conservative,E14000704,Folkestone and Hythe,3488
Daisy Cooper,4769,25901,LD,Liberal Democrat,E14000960,St Albans,3765
Rosie Cooper,1538,11667,Lab,Labour,E14001033,West Lancashire,3845
Yvette Cooper,420,10131,Lab,Labour,E14000836,"Normanton, Pontefract and Castleford",3633
Jeremy Corbyn,185,10133,Ind,Independent,E14000763,Islington North,3549
Alberto Costa,4439,25413,Con,Conservative,E14000940,South Leicestershire,3745
Robert Courts,4589,25593,Con,Conservative,E14001046,Witney,3859
Claire Coutinho,4806,25890,Con,Conservative,E14000681,East Surrey,3464
Ronnie Cowan,4465,25288,SNP,Scottish National Party,S14000038,Inverclyde,1555
Sir Geoffrey Cox,1508,11541,Con,Conservative,E14001000,Torridge and West Devon,3809
Neil Coyle,4368,25326,Ind,Independent,E14000553,Bermondsey and Old Southwark,3318
Stephen Crabb,1554,11768,Con,Conservative,W07000065,Preseli Pembrokeshire,3686
Angela Crawley,4469,25295,SNP,Scottish National Party,S14000042,Lanark and Hamilton East,1678
Stella Creasy,4088,24949,Lab,Labour (Co-op),E14001013,Walthamstow,3825
Virginia Crosbie,4859,25843,Con,Conservative,W07000041,Ynys Mon,3875
Tracey Crouch,3950,24871,Con,Conservative,E14000626,Chatham and Aylesford,3402
Jon Cruddas,1406,10828,Lab,Labour,E14000657,Dagenham and Rainham,3436
John Cryer,181,10143,Lab,Labour,E14000790,Leyton and Wanstead,3578
Judith Cummins,4391,25393,Lab,Labour,E14000588,Bradford South,3354
Alex Cunningham,4122,24742,Lab,Labour,E14000970,Stockton North,3775
Janet Daby,4698,25727,Lab,Labour,E14000787,Lewisham East,3575
James Daly,4854,25905,Con,Conservative,E14000611,Bury North,3379
Ed Davey,188,10155,LD,Liberal Democrat,E14000770,Kingston and Surbiton,3557
Wayne David,1398,10842,Lab,Labour,W07000076,Caerphilly,3382
David T C Davies,1545,11719,Con,Conservative,W07000054,Monmouth,3616
Gareth Davies,4850,25858,Con,Conservative,E14000714,Grantham and Stamford,3500
Geraint Davies,155,10159,Lab,Labour (Co-op),W07000047,Swansea West,3793
Dr James Davies,4476,25292,Con,Conservative,W07000060,Vale of Clwyd,3818
Mims Davies,4513,25330,Con,Conservative,E14000817,Mid Sussex,3607
Philip Davies,1565,11816,Con,Conservative,E14000925,Shipley,3728
Alex Davies-Jones,4849,25824,Lab,Labour,W07000075,Pontypridd,3681
Mr David Davis,373,10162,Con,Conservative,E14000724,Haltemprice and Howden,3510
Dehenna Davison,4737,25815,Con,Conservative,E14000569,Bishop Auckland,3334
Martyn Day,4488,25307,SNP,Scottish National Party,S14000043,Linlithgow and East Falkirk,1782
Marsha De Cordova,4676,25620,Lab,Labour,E14000549,Battersea,3310
Thangam Debbonaire,4433,25402,Lab,Labour,E14000602,Bristol West,3370
Mr Tanmanjeet Singh Dhesi,4638,25695,Lab,Labour,E14000930,Slough,3733
Dame Caroline Dinenage,4008,24873,Con,Conservative,E14000713,Gosport,3498
Miss Sarah Dines,4816,25877,Con,Conservative,E14000664,Derbyshire Dales,3444
Mr Jonathan Djanogly,1425,10854,Con,Conservative,E14000757,Huntingdon,3543
Leo Docherty,4600,25628,Con,Conservative,E14000530,Aldershot,3289
Martin Docherty-Hughes,4374,25275,SNP,Scottish National Party,S14000059,West Dunbartonshire,3117
Anneliese Dodds,4657,25618,Lab,Labour (Co-op),E14000873,Oxford East,3673
Sir Jeffrey M Donaldson,650,10172,DUP,Democratic Unionist Party,N06000009,Lagan Valley,3563
Michelle Donelan,4530,25316,Con,Conservative,E14000635,Chippenham,3411
Dave Doogan,4736,25796,SNP,Scottish National Party,S14000004,Angus,59
Allan Dorans,4740,25870,SNP,Scottish National Party,S14000006,"Ayr, Carrick and Cumnock",99
Ms Nadine Dorries,1481,11397,Con,Conservative,E14000813,Mid Bedfordshire,3603
Steve Double,4452,25410,Con,Conservative,E14000961,St Austell and Newquay,3766
Stephen Doughty,4264,25166,Lab,Labour (Co-op),W07000080,Cardiff South and Penarth,3391
Peter Dowd,4397,25309,Lab,Labour,E14000581,Bootle,3347
Oliver Dowden,4441,25323,Con,Conservative,E14000745,Hertsmere,3531
Jackie Doyle-Price,4065,24957,Con,Conservative,E14000995,Thurrock,3803
Richard Drax,4132,24903,Con,Conservative,E14000936,South Dorset,3740
Mrs Flick Drummond,4459,25392,Con,Conservative,E14000811,Meon Valley,3600
James Duddridge,1559,11785,Con,Conservative,E14000899,Rochford and Southend East,3702
Rosie Duffield,4616,25656,Lab,Labour,E14000619,Canterbury,3388
David Duguid,4606,25664,Con,Conservative,S14000007,Banff and Buchan,110
Sir Iain Duncan Smith,152,10180,Con,Conservative,E14000634,Chingford and Woodford Green,3410
Philip Dunne,1542,11696,Con,Conservative,E14000799,Ludlow,3588
Dame Angela Eagle,491,10182,Lab,Labour,E14001010,Wallasey,3822
Maria Eagle,483,10183,Lab,Labour,E14000708,Garston and Halewood,3493
Colum Eastwood,4846,25130,SDLP,Social Democratic & Labour Party,N06000008,Foyle,3490
Mark Eastwood,4807,25923,Con,Conservative,E14000666,Dewsbury,3446
Jonathan Edwards,3943,24743,Ind,Independent,W07000067,Carmarthen East and Dinefwr,3394
Ruth Edwards,4808,25854,Con,Conservative,E14000908,Rushcliffe,3711
Clive Efford,165,10185,Lab,Labour,E14000690,Eltham,3473
Julie Elliott,4127,24710,Lab,Labour,E14000982,Sunderland Central,3788
Michael Ellis,4116,24866,Con,Conservative,E14000861,Northampton North,3660
Mr Tobias Ellwood,1487,11437,Ind,Independent,E14000584,Bournemouth East,3350
Chris Elmore,4572,25490,Lab,Labour,W07000074,Ogmore,3668
Mrs Natalie Elphicke,4795,25831,Con,Conservative,E14000670,Dover,3450
Florence Eshalomi,4870,25759,Lab,Labour (Co-op),E14001008,Vauxhall,3820
Bill Esterson,4061,24905,Lab,Labour,E14000916,Sefton Central,3719
George Eustice,3934,24933,Con,Conservative,E14000616,Camborne and Redruth,3385
Chris Evans,4040,24721,Lab,Labour (Co-op),W07000077,Islwyn,3551
Dr Luke Evans,4781,25805,Con,Conservative,E14000583,Bosworth,3349
Mr Nigel Evans,474,10190,Con,Conservative,E14000894,Ribble Valley,3697
Sir David Evennett,1198,11408,Con,Conservative,E14000558,Bexleyheath and Crayford,3323
Ben Everitt,4836,25910,Con,Conservative,E14000821,Milton Keynes North,3612
Michael Fabricant,280,10193,Con,Conservative,E14000791,Lichfield,3579
Laura Farris,4826,25835,Con,Conservative,E14000830,Newbury,3624
Tim Farron,1591,11923,LD,Liberal Democrat,E14001037,Westmorland and Lonsdale,3850
Stephen Farry,4856,13899,Alliance,Alliance,N06000013,North Down,3638
Simon Fell,4744,25869,Con,Conservative,E14000543,Barrow and Furness,3304
Marion Fellows,4440,25277,SNP,Scottish National Party,S14000047,Motherwell and Wishaw,2022
Margaret Ferrier,4386,25287,Ind,Independent,S14000056,Rutherglen and Hamilton West,2501
John Finucane,4823,25821,SF,Sinn Féin,N06000002,Belfast North,3315
Anna Firth,4936,26059,Con,Conservative,E14000957,Southend West,3762
Colleen Fletcher,4378,25319,Lab,Labour,E14000649,Coventry North East,3427
Katherine Fletcher,4834,25830,Con,Conservative,E14000943,South Ribble,3748
Mark Fletcher,4774,25903,Con,Conservative,E14000577,Bolsover,3343
Nick Fletcher,4832,25859,Con,Conservative,E14000667,Don Valley,3447
Stephen Flynn,4735,25867,SNP,Scottish National Party,S14000002,Aberdeen South,20
Richard Foord,4942,26086,LD,Liberal Democrat,E14000996,Tiverton and Honiton,3804
Vicky Ford,4674,25614,Con,Conservative,E14000628,Chelmsford,3404
Kevin Foster,4451,25338,Con,Conservative,E14000999,Torbay,3807
Yvonne Fovargue,4034,24805,Lab,Labour,E14000805,Makerfield,3594
Dr Liam Fox,223,10213,Con,Conservative,E14000850,North Somerset,3649
Vicky Foxcroft,4491,25380,Lab,Labour,E14000789,"Lewisham, Deptford",3577
Mary Kelly Foy,4753,25833,Lab,Labour,E14000641,City of Durham,3417
Mr Mark Francois,1444,10901,Con,Conservative,E14000888,Rayleigh and Wickford,3690
Lucy Frazer,4517,25399,Con,Conservative,E14000937,South East Cambridgeshire,3742
George Freeman,4020,24817,Con,Conservative,E14000816,Mid Norfolk,3606
Mike Freer,4004,24934,Con,Conservative,E14000703,Finchley and Golders Green,3487
Mr Louie French,4932,26055,Con,Conservative,E14000869,Old Bexley and Sidcup,3669
Richard Fuller,3912,24787,Con,Conservative,E14000841,North East Bedfordshire,3640
Gill Furniss,4571,25489,Lab,Labour,E14000921,"Sheffield, Brightside and Hillsborough",3724
Mr Marcus Fysh,4446,25384,Con,Conservative,E14001060,Yeovil,3874
Sir Roger Gale,87,10217,Con,Conservative,E14000852,North Thanet,3651
Barry Gardiner,146,10220,Lab,Labour,E14000592,Brent North,3359
Mark Garnier,4074,24824,Con,Conservative,E14001058,Wyre Forest,3872
Ms Nusrat Ghani,4460,25354,Con,Conservative,E14001023,Wealden,3835
Nick Gibb,111,10225,Con,Conservative,E14000576,Bognor Regis and Littlehampton,3342
Patricia Gibson,4435,25300,SNP,Scottish National Party,S14000048,North Ayrshire and Arran,2104
Peter Gibson,4754,25793,Con,Conservative,E14000658,Darlington,3437
Jo Gideon,4817,25882,Con,Conservative,E14000972,Stoke-on-Trent Central,3777
Michelle Gildernew,1416,10913,SF,Sinn Féin,N06000007,Fermanagh and South Tyrone,3485
Preet Kaur Gill,4603,25666,Lab,Labour (Co-op),E14000560,"Birmingham, Edgbaston",3325
Paul Girvan,4633,25629,DUP,Democratic Unionist Party,N06000014,South Antrim,3736
John Glen,4051,24839,Con,Conservative,E14000912,Salisbury,3715
Mary Glindon,4126,24927,Lab,Labour,E14000853,North Tyneside,3652
Sir Robert Goodwill,1562,11804,Con,Conservative,E14000913,Scarborough and Whitby,3716
Michael Gove,1571,11858,Con,Conservative,E14000983,Surrey Heath,3789
Patrick Grady,4432,25299,Ind,Independent,S14000031,Glasgow North,1205
Richard Graham,3990,24921,Con,Conservative,E14000712,Gloucester,3497
Mrs Helen Grant,4018,24796,Con,Conservative,E14000804,Maidstone and The Weald,3593
Peter Grant,4466,25273,SNP,Scottish National Party,S14000036,Glenrothes,1274
James Gray,261,10240,Con,Conservative,E14000860,North Wiltshire,3659
Chris Grayling,1413,10920,Con,Conservative,E14000694,Epsom and Ewell,3477
Chris Green,4398,25359,Con,Conservative,E14000580,Bolton West,3346
Damian Green,76,10241,Con,Conservative,E14000536,Ashford,3297
Kate Green,4120,24896,Lab,Labour,E14000979,Stretford and Urmston,3785
Sarah Green,4918,26034,LD,Liberal Democrat,E14000631,Chesham and Amersham,3407
Lilian Greenwood,4029,24774,Lab,Labour,E14000867,Nottingham South,3666
Margaret Greenwood,4400,25349,Lab,Labour,E14001044,Wirral West,3857
Andrew Griffith,4874,25927,Con,Conservative,E14000534,Arundel and South Downs,3295
Dame Nia Griffith,1541,11692,Lab,Labour,W07000045,Llanelli,3585
Kate Griffiths,4773,25839,Con,Conservative,E14000610,Burton,3378
James Grundy,4843,25812,Con,Conservative,E14000785,Leigh,3573
Jonathan Gullis,4814,25898,Con,Conservative,E14000973,Stoke-on-Trent North,3778
Andrew Gwynne,1506,11531,Lab,Labour,E14000661,Denton and Reddish,3441
Louise Haigh,4473,25357,Lab,Labour,E14000923,"Sheffield, Heeley",3726
Robert Halfon,3985,24784,Con,Conservative,E14000729,Harlow,3515
Luke Hall,4450,25373,Con,Conservative,E14000994,Thornbury and Yate,3802
Fabian Hamilton,415,10256,Lab,Labour,E14000779,Leeds North East,3567
Mrs Paulette Hamilton,4938,26061,Lab,Labour,E14000561,"Birmingham, Erdington",3326
Stephen Hammond,1585,11927,Con,Conservative,E14001040,Wimbledon,3853
Matt Hancock,4070,24773,Con,Conservative,E14001034,West Suffolk,3846
Greg Hands,1526,11610,Con,Conservative,E14000629,Chelsea and Fulham,3405
Claire Hanna,4827,25447,SDLP,Social Democratic & Labour Party,N06000003,Belfast South,3316
Neale Hanvey,4782,25873,Alba,Alba Party,S14000041,Kirkcaldy and Cowdenbeath,1661
Emma Hardy,4645,25646,Lab,Labour,E14000773,Kingston upon Hull West and Hessle,3560
Ms Harriet Harman,150,10260,Lab,Labour,E14000615,Camberwell and Peckham,3384
Mr Mark Harper,1520,11588,Con,Conservative,E14000705,Forest of Dean,3489
Carolyn Harris,4480,25308,Lab,Labour,W07000048,Swansea East,3792
Rebecca Harris,3948,24731,Con,Conservative,E14000622,Castle Point,3397
Trudy Harrison,4593,25600,Con,Conservative,E14000647,Copeland,3425
Sally-Ann Hart,4842,25902,Con,Conservative,E14000735,Hastings and Rye,3521
Simon Hart,3944,24813,Con,Conservative,W07000066,Carmarthen West and South Pembrokeshire,3395
Helen Hayes,4510,25310,Lab,Labour,E14000673,Dulwich and West Norwood,3453
Sir John Hayes,350,10265,Con,Conservative,E14000939,South Holland and The Deepings,3744
Chris Hazzard,4636,25154,SF,Sinn Féin,N06000015,South Down,3741
Sir Oliver Heald,69,10267,Con,Conservative,E14000845,North East Hertfordshire,3644
John Healey,400,10268,Lab,Labour,E14001028,Wentworth and Dearne,3840
James Heappey,4528,25438,Con,Conservative,E14001026,Wells,3838
Chris Heaton-Harris,3977,24841,Con,Conservative,E14000660,Daventry,3439
Gordon Henderson,4050,24828,Con,Conservative,E14000927,Sittingbourne and Sheppey,3730
Sir Mark Hendrick,473,10682,Lab,Labour (Co-op),E14000885,Preston,3687
Drew Hendry,4467,25382,SNP,Scottish National Party,S14000039,"Inverness, Nairn, Badenoch and Strathspey",1561
Darren Henry,4794,25871,Con,Conservative,E14000607,Broxtowe,3375
Antony Higginbotham,4833,25842,Con,Conservative,E14000609,Burnley,3377
Dame Meg Hillier,1524,11605,Lab,Labour (Co-op),E14000721,Hackney South and Shoreditch,3507
Damian Hinds,3969,24782,Con,Conservative,E14000680,East Hampshire,3462
Simon Hoare,4494,25427,Con,Conservative,E14000839,North Dorset,3637
Wera Hobhouse,4602,25648,LD,Liberal Democrat,E14000547,Bath,3308
Dame Margaret Hodge,140,10281,Lab,Labour,E14000540,Barking,3301
Mrs Sharon Hodgson,1521,11592,Lab,Labour,E14001020,Washington and Sunderland West,3832
Mr Richard Holden,4813,25893,Con,Conservative,E14000856,North West Durham,3655
Kate Hollern,4363,25298,Lab,Labour,E14000570,Blackburn,3335
Kevin Hollinrake,4474,25415,Con,Conservative,E14000993,Thirsk and Malton,3801
Mr Philip Hollobone,1537,11661,Con,Conservative,E14000769,Kettering,3556
Adam Holloway,1522,11599,Con,Conservative,E14000715,Gravesham,3501
Paul Holmes,4803,25808,Con,Conservative,E14000685,Eastleigh,3468
Rachel Hopkins,4873,25809,Lab,Labour,E14000801,Luton South,3590
Stewart Hosie,1514,11973,SNP,Scottish National Party,S14000015,Dundee East,922
Sir George Howarth,481,10292,Lab,Labour,E14000775,Knowsley,3562
John Howell,1606,14131,Con,Conservative,E14000742,Henley,3528
Paul Howell,4830,25855,Con,Conservative,E14000915,Sedgefield,3718
Sir Lindsay Hoyle,467,10295,Spk,Speaker,E14000637,Chorley,3413
Nigel Huddleston,4407,25381,Con,Conservative,E14000818,Mid Worcestershire,3609
Dr Neil Hudson,4853,25875,Con,Conservative,E14000877,Penrith and The Border,3677
Eddie Hughes,4635,25699,Con,Conservative,E14001011,Walsall North,3823
Jane Hunt,4839,25921,Con,Conservative,E14000797,Loughborough,3586
Jeremy Hunt,1572,11859,Con,Conservative,E14000953,South West Surrey,3758
Tom Hunt,4771,25811,Con,Conservative,E14000761,Ipswich,3547
Dr Rupa Huq,4511,25284,Lab,Labour,E14000674,Ealing Central and Acton,3455
Imran Hussain,4394,25375,Lab,Labour,E14000587,Bradford East,3353
Mr Alister Jack,4619,25674,Con,Conservative,S14000013,Dumfries and Galloway,911
Christine Jardine,4634,25675,LD,Liberal Democrat,S14000026,Edinburgh West,1054
Dan Jarvis,4243,25067,Lab,Labour,E14000541,Barnsley Central,3302
Sajid Javid,3945,24854,Con,Conservative,E14000605,Bromsgrove,3373
Mr Ranil Jayawardena,4498,25419,Con,Conservative,E14000844,North East Hampshire,3643
Sir Bernard Jenkin,40,10312,Con,Conservative,E14000734,Harwich and North Essex,3520
Mark Jenkinson,4752,25792,Con,Conservative,E14001053,Workington,3866
Andrea Jenkyns,4490,25431,Con,Conservative,E14000826,Morley and Outwood,3619
Robert Jenrick,4320,25227,Con,Conservative,E14000829,Newark,3623
Boris Johnson,1423,10999,Con,Conservative,E14001007,Uxbridge and South Ruislip,3817
Dr Caroline Johnson,4592,25597,Con,Conservative,E14000929,Sleaford and North Hykeham,3732
Dame Diana Johnson,1533,11647,Lab,Labour,E14000772,Kingston upon Hull North,3559
Gareth Johnson,3970,24803,Con,Conservative,E14000659,Dartford,3438
Kim Johnson,4824,25803,Lab,Labour,E14000793,"Liverpool, Riverside",3581
David Johnston,4761,25924,Con,Conservative,E14001015,Wantage,3827
Andrew Jones,3996,24758,Con,Conservative,E14000730,Harrogate and Knaresborough,3516
Darren Jones,4621,25637,Lab,Labour,E14000600,Bristol North West,3368
Mr David Jones,1502,11506,Con,Conservative,W07000059,Clwyd West,3421
Fay Jones,4763,25881,Con,Conservative,W07000068,Brecon and Radnorshire,3357
Gerald Jones,4501,25289,Lab,Labour,W07000071,Merthyr Tydfil and Rhymney,3602
Mr Kevan Jones,1438,11003,Lab,Labour,E14000840,North Durham,3639
Mr Marcus Jones,4024,24745,Con,Conservative,E14000868,Nuneaton,3667
Ruth Jones,4716,25746,Lab,Labour,W07000056,Newport West,3630
Sarah Jones,4631,25673,Lab,Labour,E14000654,Croydon Central,3432
Simon Jupp,4862,25911,Con,Conservative,E14000678,East Devon,3460
Mike Kane,4316,25220,Lab,Labour,E14001059,Wythenshawe and Sale East,3873
Daniel Kawczynski,1566,11817,Con,Conservative,E14000926,Shrewsbury and Atcham,3729
Alicia Kearns,4805,25906,Con,Conservative,E14000909,Rutland and Melton,3712
Gillian Keegan,4680,25670,Con,Conservative,E14000633,Chichester,3409
Barbara Keeley,1588,11943,Lab,Labour,E14001054,Worsley and Eccles South,3867
Liz Kendall,4026,24816,Lab,Labour,E14000784,Leicester West,3572
Afzal Khan,4671,25662,Lab,Labour,E14000808,"Manchester, Gorton",3597
Stephen Kinnock,4359,25297,Lab,Labour,W07000049,Aberavon,3287
Sir Greg Knight,1200,11026,Con,Conservative,E14000683,East Yorkshire,3466
Julian Knight,4410,25388,Con,Conservative,E14000931,Solihull,3734
Danny Kruger,4858,25913,Con,Conservative,E14000665,Devizes,3445
Kwasi Kwarteng,4134,24770,Con,Conservative,E14000959,Spelthorne,3764
Peter Kyle,4505,25418,Lab,Labour,E14000755,Hove,3541
Dame Eleanor Laing,36,10348,Con,Conservative,E14000693,Epping Forest,3476
Ben Lake,4630,25669,PC,Plaid Cymru,W07000064,Ceredigion,3400
Mr David Lammy,206,10678,Lab,Labour,E14001002,Tottenham,3811
John Lamont,4608,14026,Con,Conservative,S14000008,"Berwickshire, Roxburgh and Selkirk",216
Robert Largan,4852,25841,Con,Conservative,E14000748,High Peak,3534
Mrs Pauline Latham,4025,24821,Con,Conservative,E14000814,Mid Derbyshire,3604
Ian Lavery,4139,24963,Lab,Labour,E14001014,Wansbeck,3826
Chris Law,4403,25270,SNP,Scottish National Party,S14000016,Dundee West,927
Kim Leadbeater,4923,26040,Lab,Labour,E14000548,Batley and Spen,3309
Andrea Leadsom,4117,24829,Con,Conservative,E14000942,South Northamptonshire,3747
Sir Edward Leigh,345,10352,Con,Conservative,E14000707,Gainsborough,3492
Ian Levy,4749,25791,Con,Conservative,E14000575,Blyth Valley,3341
Mrs Emma Lewell-Buck,4277,25181,Lab,Labour,E14000944,South Shields,3749
Andrew Lewer,4659,25686,Con,Conservative,E14000862,Northampton South,3661
Brandon Lewis,4009,24879,Con,Conservative,E14000717,Great Yarmouth,3503
Clive Lewis,4500,25356,Lab,Labour,E14000864,Norwich South,3663
Dr Julian Lewis,54,10358,Con,Conservative,E14000827,New Forest East,3621
Mr Ian Liddell-Grainger,1396,11048,Con,Conservative,E14000595,Bridgwater and West Somerset,3363
Simon Lightwood,4943,26085,Lab,Labour (Co-op),E14001009,Wakefield,3821
David Linden,4640,25677,SNP,Scottish National Party,S14000030,Glasgow East,1204
Tony Lloyd,450,10367,Lab,Labour,E14000897,Rochdale,3700
Carla Lockhart,4857,25562,DUP,Democratic Unionist Party,N06000017,Upper Bann,3816
Chris Loder,4751,25918,Con,Conservative,E14001031,West Dorset,3843
Mark Logan,4815,25886,Con,Conservative,E14000578,Bolton North East,3344
Rebecca Long Bailey,4396,25368,Lab,Labour,E14000911,Salford and Eccles,3714
Marco Longhi,4789,25917,Con,Conservative,E14000671,Dudley North,3451
Julia Lopez,4647,25652,Con,Conservative,E14000751,Hornchurch and Upminster,3537
Jack Lopresti,3989,24716,Con,Conservative,E14000702,Filton and Bradley Stoke,3486
Mr Jonathan Lord,4090,24884,Con,Conservative,E14001047,Woking,3860
Tim Loughton,114,10371,Con,Conservative,E14000682,East Worthing and Shoreham,3465
Caroline Lucas,3930,24910,Green,Green Party,E14000598,"Brighton, Pavilion",3366
Holly Lynch,4472,25434,Lab,Labour,E14000723,Halifax,3509
Kenny MacAskill,4772,14031,Alba,Alba Party,S14000020,East Lothian,991
Craig Mackinlay,4529,25437,Con,Conservative,E14000948,South Thanet,3753
Cherilyn Mackrory,4758,25802,Con,Conservative,E14001003,Truro and Falmouth,3812
Rachel Maclean,4668,25692,Con,Conservative,E14000892,Redditch,3694
Angus Brendan MacNeil,1546,12004,SNP,Scottish National Party,S14000027,Na h-Eileanan an Iar,2025
Justin Madders,4418,25378,Lab,Labour,E14000688,Ellesmere Port and Neston,3471
Mr Khalid Mahmood,1392,11087,Lab,Labour,E14000566,"Birmingham, Perry Barr",3331
Shabana Mahmood,3914,24788,Lab,Labour,E14000564,"Birmingham, Ladywood",3329
Alan Mak,4484,25285,Con,Conservative,E14000736,Havant,3522
Seema Malhotra,4253,25150,Lab,Labour (Co-op),E14000701,Feltham and Heston,3484
Kit Malthouse,4495,25346,Con,Conservative,E14000857,North West Hampshire,3656
Anthony Mangnall,4762,25868,Con,Conservative,E14001001,Totnes,3810
Scott Mann,4496,25383,Con,Conservative,E14000837,North Cornwall,3635
Julie Marson,4768,25879,Con,Conservative,E14000744,Hertford and Stortford,3530
Rachael Maskell,4471,25433,Lab,Labour (Co-op),E14001061,York Central,3876
Paul Maskey,4245,13904,SF,Sinn Féin,N06000004,Belfast West,3317
Christian Matheson,4408,25411,Lab,Labour,E14000640,City of Chester,3416
Mrs Theresa May,8,10426,Con,Conservative,E14000803,Maidenhead,3592
Jerome Mayhew,4739,25904,Con,Conservative,E14000603,Broadland,3371
Paul Maynard,3926,24764,Con,Conservative,E14000572,Blackpool North and Cleveleys,3337
Steve McCabe,298,10377,Lab,Labour,E14000567,"Birmingham, Selly Oak",3332
Kerry McCarthy,1491,11455,Lab,Labour,E14000599,Bristol East,3367
Jason McCartney,3953,24887,Con,Conservative,E14000645,Colne Valley,3423
Karl McCartney,4028,24790,Con,Conservative,E14000792,Lincoln,3580
Siobhain McDonagh,193,10381,Lab,Labour,E14000823,Mitcham and Morden,3614
Andy McDonald,4269,25169,Lab,Labour,E14000819,Middlesbrough,3610
Stewart Malcolm McDonald,4461,25322,SNP,Scottish National Party,S14000034,Glasgow South,1208
Stuart C McDonald,4393,25301,SNP,Scottish National Party,S14000012,"Cumbernauld, Kilsyth and Kirkintilloch East",804
John McDonnell,178,10383,Lab,Labour,E14000737,Hayes and Harlington,3523
Pat McFadden,1587,11936,Lab,Labour,E14001050,Wolverhampton South East,3863
Conor McGinn,4458,25423,Lab,Labour,E14000962,St Helens North,3767
Alison McGovern,4083,24897,Lab,Labour,E14001043,Wirral South,3856
Catherine McKinnell,4125,24818,Lab,Labour,E14000833,Newcastle upon Tyne North,3627
Anne McLaughlin,4437,14146,SNP,Scottish National Party,S14000032,Glasgow North East,1206
Jim McMahon,4569,25475,Lab,Labour (Co-op),E14000871,Oldham West and Royton,3671
Anna McMorrin,4632,25647,Lab,Labour,W07000051,Cardiff North,3390
John McNally,4424,25271,SNP,Scottish National Party,S14000028,Falkirk,1115
Stephen McPartland,4093,24888,Con,Conservative,E14000968,Stevenage,3773
Esther McVey,4084,24882,Con,Conservative,E14000987,Tatton,3795
Ian Mearns,4000,24919,Lab,Labour,E14000709,Gateshead,3494
Mark Menzies,3998,24804,Con,Conservative,E14000706,Fylde,3491
Johnny Mercer,4485,25367,Con,Conservative,E14000879,"Plymouth, Moor View",3679
Huw Merriman,4442,25426,Con,Conservative,E14000557,Bexhill and Battle,3322
Stephen Metcalfe,4092,24749,Con,Conservative,E14000933,South Basildon and East Thurrock,3737
Edward Miliband,1510,11545,Lab,Labour,E14000669,Doncaster North,3449
Robin Millar,4746,25832,Con,Conservative,W07000058,Aberconwy,3288
Dame Maria Miller,1480,11389,Con,Conservative,E14000545,Basingstoke,3306
Amanda Milling,4454,25350,Con,Conservative,E14000618,Cannock Chase,3387
Nigel Mills,4136,24965,Con,Conservative,E14000533,Amber Valley,3293
Navendu Mishra,4811,25836,Lab,Labour,E14000969,Stockport,3774
Mr Andrew Mitchell,1211,11115,Con,Conservative,E14000985,Sutton Coldfield,3791
Mr Gagan Mohindra,4804,25920,Con,Conservative,E14000951,South West Hertfordshire,3756
Francie Molloy,4274,13836,SF,Sinn Féin,N06000010,Mid Ulster,3608
Carol Monaghan,4443,25406,SNP,Scottish National Party,S14000033,Glasgow North West,1207
Damien Moore,4669,25630,Con,Conservative,E14000958,Southport,3763
Robbie Moore,4861,25922,Con,Conservative,E14000766,Keighley,3553
Layla Moran,4656,25689,LD,Liberal Democrat,E14000874,Oxford West and Abingdon,3674
Penny Mordaunt,4017,24938,Con,Conservative,E14000883,Portsmouth North,3684
Jessica Morden,1548,11732,Lab,Labour,W07000055,Newport East,3629
Helen Morgan,4934,26056,LD,Liberal Democrat,E14000849,North Shropshire,3648
Stephen Morgan,4653,25658,Lab,Labour,E14000884,Portsmouth South,3685
Anne Marie Morris,4249,24912,Con,Conservative,E14000835,Newton Abbot,3632
David Morris,4135,24966,Con,Conservative,E14000825,Morecambe and Lunesdale,3618
Grahame Morris,3973,24715,Lab,Labour,E14000677,Easington,3458
James Morris,3992,24855,Con,Conservative,E14000722,Halesowen and Rowley Regis,3508
Joy Morrissey,4759,25878,Con,Conservative,E14000550,Beaconsfield,3311
Jill Mortimer,4916,25984,Con,Conservative,E14000733,Hartlepool,3519
Wendy Morton,4358,25342,Con,Conservative,E14000531,Aldridge-Brownhills,3290
Dr Kieran Mullan,4860,25883,Con,Conservative,E14000653,Crewe and Nantwich,3431
Holly Mumby-Croft,4867,25804,Con,Conservative,E14000914,Scunthorpe,3717
David Mundell,1512,11970,Con,Conservative,S14000014,"Dumfriesshire, Clydesdale and Tweeddale",914
Ian Murray,3966,24872,Lab,Labour,S14000024,Edinburgh South,1047
James Murray,4797,25801,Lab,Labour (Co-op),E14000675,Ealing North,3456
Mrs Sheryll Murray,4100,24875,Con,Conservative,E14000938,South East Cornwall,3743
Dr Andrew Murrison,1466,11132,Con,Conservative,E14000954,South West Wiltshire,3759
Lisa Nandy,4082,24831,Lab,Labour,E14001039,Wigan,3852
Sir Robert Neill,1601,13736,Con,Conservative,E14000604,Bromley and Chislehurst,3372
Gavin Newlands,4420,25291,SNP,Scottish National Party,S14000052,Paisley and Renfrewshire North,2285
Charlotte Nichols,4799,25885,Lab,Labour,E14001017,Warrington North,3829
Lia Nici,4851,25865,Con,Conservative,E14000716,Great Grimsby,3502
John Nicolson,4415,25281,SNP,Scottish National Party,S14000050,Ochil and South Perthshire,2234
Caroline Nokes,4048,24809,Con,Conservative,E14000901,Romsey and Southampton North,3704
Jesse Norman,3991,24827,Con,Conservative,E14000743,Hereford and South Herefordshire,3529
Alex Norris,4641,25687,Lab,Labour (Co-op),E14000866,Nottingham North,3665
Neil O'Brien,4679,25679,Con,Conservative,E14000728,Harborough,3514
Dr Matthew Offord,4006,24955,Con,Conservative,E14000741,Hendon,3527
Brendan O'Hara,4371,25370,SNP,Scottish National Party,S14000005,Argyll and Bute,67
Sarah Olney,4591,25596,LD,Liberal Democrat,E14000896,Richmond Park,3699
Chi Onwurah,4124,24807,Lab,Labour,E14000831,Newcastle upon Tyne Central,3625
Guy Opperman,4142,24962,Con,Conservative,E14000746,Hexham,3532
Abena Oppong-Asare,4820,25846,Lab,Labour,E14000696,Erith and Thamesmead,3479
Kate Osamor,4515,25365,Lab,Labour (Co-op),E14000687,Edmonton,3470
Kate Osborne,4783,25794,Lab,Labour,E14000765,Jarrow,3552
Kirsten Oswald,4413,25294,SNP,Scottish National Party,S14000021,East Renfrewshire,994
Taiwo Owatemi,4779,25915,Lab,Labour,E14000650,Coventry North West,3428
Sarah Owen,4777,25823,Lab,Labour,E14000800,Luton North,3589
Ian Paisley,4129,13852,DUP,Democratic Unionist Party,N06000012,North Antrim,3634
Priti Patel,4066,24778,Con,Conservative,E14001045,Witham,3858
Mark Pawsey,4052,24880,Con,Conservative,E14000905,Rugby,3708
Stephanie Peacock,4607,25617,Lab,Labour,E14000542,Barnsley East,3303
Sir Mike Penning,1528,11626,Con,Conservative,E14000739,Hemel Hempstead,3525
Matthew Pennycook,4520,25379,Lab,Labour,E14000718,Greenwich and Woolwich,3504
John Penrose,1584,11924,Con,Conservative,E14001038,Weston-Super-Mare,3851
Andrew Percy,3939,24832,Con,Conservative,E14000596,Brigg and Goole,3364
Mr Toby Perkins,3952,24845,Lab,Labour,E14000632,Chesterfield,3408
Jess Phillips,4370,25364,Lab,Labour,E14000568,"Birmingham, Yardley",3333
Bridget Phillipson,4046,24709,Lab,Labour,E14000754,Houghton and Sunderland South,3540
Chris Philp,4503,25377,Con,Conservative,E14000656,Croydon South,3434
Christopher Pincher,4075,24747,Ind,Independent,E14000986,Tamworth,3794
Luke Pollard,4682,25690,Lab,Labour (Co-op),E14000880,"Plymouth, Sutton and Devonport",3680
Dr Dan Poulter,3932,24756,Con,Conservative,E14000624,Central Suffolk and North Ipswich,3399
Rebecca Pow,4522,25407,Con,Conservative,E14000988,Taunton Deane,3796
Lucy Powell,4263,25165,Lab,Labour (Co-op),E14000807,Manchester Central,3596
Victoria Prentis,4401,25420,Con,Conservative,E14000539,Banbury,3300
Mark Pritchard,1576,11946,Con,Conservative,E14000992,The Wrekin,3800
Tom Pursglove,4369,25387,Con,Conservative,E14000648,Corby,3426
Ms Anum Qaisar,4917,26020,SNP,Scottish National Party,S14000003,Airdrie and Shotts,36
Jeremy Quin,4507,25417,Con,Conservative,E14000753,Horsham,3539
Will Quince,4423,25403,Con,Conservative,E14000644,Colchester,3422
Yasmin Qureshi,3924,24775,Lab,Labour,E14000579,Bolton South East,3345
Dominic Raab,4007,24815,Con,Conservative,E14000697,Esher and Walton,3480
Tom Randall,4845,25837,Con,Conservative,E14000710,Gedling,3495
Angela Rayner,4356,25429,Lab,Labour,E14000537,Ashton-under-Lyne,3298
John Redwood,14,10499,Con,Conservative,E14001048,Wokingham,3861
Steve Reed,4268,25170,Lab,Labour (Co-op),E14000655,Croydon North,3433
Christina Rees,4525,25332,Lab,Labour (Co-op),W07000069,Neath,3620
Mr Jacob Rees-Mogg,4099,24926,Con,Conservative,E14000846,North East Somerset,3645
Ellie Reeves,4620,25681,Lab,Labour,E14000788,Lewisham West and Penge,3576
Rachel Reeves,4031,24851,Lab,Labour,E14000781,Leeds West,3569
Jonathan Reynolds,4119,24929,Lab,Labour (Co-op),E14000967,Stalybridge and Hyde,3772
Bell Ribeiro-Addy,4764,25856,Lab,Labour,E14000978,Streatham,3784
Nicola Richards,4868,25834,Con,Conservative,E14001029,West Bromwich East,3841
Angela Richardson,4840,25827,Con,Conservative,E14000719,Guildford,3505
Ms Marie Rimmer,4457,25321,Lab,Labour,E14000963,St Helens South and Whiston,3768
Rob Roberts,4810,25852,Ind,Independent,W07000042,Delyn,3440
Mr Laurence Robertson,253,10505,Con,Conservative,E14000990,Tewkesbury,3798
Gavin Robinson,4360,25280,DUP,Democratic Unionist Party,N06000001,Belfast East,3314
Mary Robinson,4406,25405,Con,Conservative,E14000627,Cheadle,3403
Matt Rodda,4654,25691,Lab,Labour,E14000889,Reading East,3691
Andrew Rosindell,1447,11199,Con,Conservative,E14000900,Romford,3703
Douglas Ross,4627,25531,Con,Conservative,S14000046,Moray,2004
Lee Rowley,4652,25685,Con,Conservative,E14000843,North East Derbyshire,3642
Dean Russell,4812,25828,Con,Conservative,E14001021,Watford,3833
Lloyd Russell-Moyle,4615,25667,Lab,Labour (Co-op),E14000597,"Brighton, Kemptown",3365
David Rutley,4033,24820,Con,Conservative,E14000802,Macclesfield,3591
Gary Sambrook,4760,25887,Con,Conservative,E14000565,"Birmingham, Northfield",3330
Liz Saville Roberts,4521,25302,PC,Plaid Cymru,W07000061,Dwyfor Meirionnydd,3454
Selaine Saxby,4863,25880,Con,Conservative,E14000838,North Devon,3636
Paul Scully,4414,25331,Con,Conservative,E14000984,Sutton and Cheam,3790
Bob Seely,4681,25645,Con,Conservative,E14000762,Isle of Wight,3548
Andrew Selous,1453,11216,Con,Conservative,E14000949,South West Bedfordshire,3754
Naz Shah,4409,25385,Lab,Labour,E14000589,Bradford West,3355
Jim Shannon,4131,13864,DUP,Democratic Unionist Party,N06000016,Strangford,3782
Grant Shapps,1582,11917,Con,Conservative,E14001027,Welwyn Hatfield,3839
Alok Sharma,4014,24902,Con,Conservative,E14000890,Reading West,3692
Mr Virendra Sharma,1604,13934,Lab,Labour,E14000676,"Ealing, Southall",3457
Mr Barry Sheerman,411,10534,Lab,Labour (Co-op),E14000756,Huddersfield,3542
Alec Shelbrooke,3997,24893,Con,Conservative,E14000689,Elmet and Rothwell,3472
Tommy Sheppard,4453,25341,SNP,Scottish National Party,S14000022,Edinburgh East,1035
Tulip Siddiq,4518,25344,Lab,Labour,E14000727,Hampstead and Kilburn,3513
David Simmonds,4872,25892,Con,Conservative,E14000906,"Ruislip, Northwood and Pinner",3709
Chris Skidmore,4021,24713,Con,Conservative,E14000774,Kingswood,3561
Andy Slaughter,1516,11559,Lab,Labour,E14000726,Hammersmith,3512
Alyn Smith,4738,25848,SNP,Scottish National Party,S14000057,Stirling,2784
Cat Smith,4436,25432,Lab,Labour,E14000776,Lancaster and Fleetwood,3564
Chloe Smith,1609,24691,Con,Conservative,E14000863,Norwich North,3662
Greg Smith,4778,25925,Con,Conservative,E14000608,Buckingham,3376
Henry Smith,3960,24802,Con,Conservative,E14000652,Crawley,3430
Jeff Smith,4456,25366,Lab,Labour,E14000809,"Manchester, Withington",3598
Julian Smith,4118,24961,Con,Conservative,E14000928,Skipton and Ripon,3731
Nick Smith,3928,24728,Lab,Labour,W07000072,Blaenau Gwent,3339
Royston Smith,4478,25345,Con,Conservative,E14000955,"Southampton, Itchen",3760
Karin Smyth,4444,25390,Lab,Labour,E14000601,Bristol South,3369
Alex Sobel,4658,25680,Lab,Labour (Co-op),E14000780,Leeds North West,3568
Amanda Solloway,4372,25436,Con,Conservative,E14000662,Derby North,3442
John Spellar,318,10558,Lab,Labour,E14001016,Warley,3828
Dr Ben Spencer,4785,25889,Con,Conservative,E14000907,Runnymede and Weybridge,3710
Mark Spencer,4055,24909,Con,Conservative,E14000924,Sherwood,3727
Alexander Stafford,4866,25864,Con,Conservative,E14000903,Rother Valley,3706
Keir Starmer,4514,25353,Lab,Labour,E14000750,Holborn and St Pancras,3536
Chris Stephens,4463,25306,SNP,Scottish National Party,S14000035,Glasgow South West,1209
Andrew Stephenson,4044,24759,Con,Conservative,E14000875,Pendle,3675
Jo Stevens,4425,25304,Lab,Labour,W07000050,Cardiff Central,3389
Jane Stevenson,4750,25807,Con,Conservative,E14001049,Wolverhampton North East,3862
John Stevenson,3942,24799,Con,Conservative,E14000620,Carlisle,3393
Bob Stewart,3919,24907,Con,Conservative,E14000551,Beckenham,3312
Iain Stewart,4015,24947,Con,Conservative,E14000822,Milton Keynes South,3613
Jamie Stone,4612,25668,LD,Liberal Democrat,S14000009,"Caithness, Sutherland and Easter Ross",543
Sir Gary Streeter,234,10575,Con,Conservative,E14000950,South West Devon,3755
Wes Streeting,4504,25320,Lab,Labour,E14000759,Ilford North,3545
Mel Stride,3935,24914,Con,Conservative,E14000623,Central Devon,3398
Graham Stringer,449,10576,Lab,Labour,E14000571,Blackley and Broughton,3336
Graham Stuart,1482,11406,Con,Conservative,E14000556,Beverley and Holderness,3321
Julian Sturdy,4079,24853,Con,Conservative,E14001062,York Outer,3877
Zarah Sultana,4786,25909,Lab,Labour,E14000651,Coventry South,3429
Rishi Sunak,4483,25428,Con,Conservative,E14000895,Richmond (Yorks),3698
James Sunderland,4767,25860,Con,Conservative,E14000586,Bracknell,3352
Sir Desmond Swayne,55,10580,Con,Conservative,E14000828,New Forest West,3622
Sir Robert Syms,245,10582,Con,Conservative,E14000881,Poole,3682
Mark Tami,1383,11267,Lab,Labour,W07000043,Alyn and Deeside,3292
Sam Tarry,4829,25912,Lab,Labour,E14000760,Ilford South,3546
Alison Thewliss,4430,25327,SNP,Scottish National Party,S14000029,Glasgow Central,1203
Derek Thomas,4532,25440,Con,Conservative,E14000964,St Ives,3769
Gareth Thomas,177,10594,Lab,Labour (Co-op),E14000732,Harrow West,3518
Nick Thomas-Symonds,4479,25279,Lab,Labour,W07000053,Torfaen,3808
Owen Thompson,4482,25278,SNP,Scottish National Party,S14000045,Midlothian,1977
Richard Thomson,4796,25919,SNP,Scottish National Party,S14000037,Gordon,1284
Emily Thornberry,1536,11656,Lab,Labour,E14000764,Islington South and Finsbury,3550
Maggie Throup,4447,25371,Con,Conservative,E14000695,Erewash,3478
Sir Stephen Timms,163,10596,Lab,Labour,E14000679,East Ham,3461
Edward Timpson,1605,14128,Con,Conservative,E14000686,Eddisbury,3469
Kelly Tolhurst,4487,25430,Con,Conservative,E14000898,Rochester and Strood,3701
Justin Tomlinson,4105,24870,Con,Conservative,E14000851,North Swindon,3650
Michael Tomlinson,4497,25422,Con,Conservative,E14000815,Mid Dorset and North Poole,3605
Craig Tracey,4509,25290,Con,Conservative,E14000854,North Warwickshire,3653
Anne-Marie Trevelyan,4531,25439,Con,Conservative,E14000554,Berwick-upon-Tweed,3319
Jon Trickett,410,10604,Lab,Labour,E14000740,Hemsworth,3526
Laura Trott,4780,25851,Con,Conservative,E14000918,Sevenoaks,3721
Elizabeth Truss,4097,24941,Con,Conservative,E14000952,South West Norfolk,3757
Tom Tugendhat,4462,25374,Con,Conservative,E14000997,Tonbridge and Malling,3805
Karl Turner,4030,24767,Lab,Labour,E14000771,Kingston upon Hull East,3558
Derek Twigg,429,10610,Lab,Labour,E14000725,Halton,3511
Liz Twist,4618,25623,Lab,Labour,E14000574,Blaydon,3340
Shailesh Vara,1496,11475,Con,Conservative,E14000855,North West Cambridgeshire,3654
Valerie Vaz,4076,24852,Lab,Labour,E14001012,Walsall South,3824
Martin Vickers,3957,24814,Con,Conservative,E14000643,Cleethorpes,3419
Matt Vickers,4844,25853,Con,Conservative,E14000971,Stockton South,3776
Theresa Villiers,1500,11500,Con,Conservative,E14000636,Chipping Barnet,3412
Christian Wakeford,4871,25874,Lab,Labour,E14000612,Bury South,3380
Sir Charles Walker,1493,11461,Con,Conservative,E14000606,Broxbourne,3374
Mr Robin Walker,4091,24862,Con,Conservative,E14001052,Worcester,3865
Mr Ben Wallace,1539,11668,Con,Conservative,E14001057,Wyre and Preston North,3871
Dr Jamie Wallis,4766,25829,Con,Conservative,W07000073,Bridgend,3362
David Warburton,4526,25372,Ind,Independent,E14000932,Somerton and Frome,3735
Matt Warman,4361,25395,Con,Conservative,E14000582,Boston and Skegness,3348
Giles Watling,4677,25644,Con,Conservative,E14000642,Clacton,3418
Suzanne Webb,4802,25926,Con,Conservative,E14000976,Stourbridge,3781
Claudia Webbe,4848,25797,Ind,Independent,E14000782,Leicester East,3570
Catherine West,4523,25328,Lab,Labour,E14000752,Hornsey and Wood Green,3538
Matt Western,4617,25701,Lab,Labour,E14001019,Warwick and Leamington,3831
Helen Whately,4527,25398,Con,Conservative,E14000700,Faversham and Mid Kent,3483
Mrs Heather Wheeler,4053,24769,Con,Conservative,E14000935,South Derbyshire,3739
Dr Alan Whitehead,62,10630,Lab,Labour,E14000956,"Southampton, Test",3761
Dr Philippa Whitford,4385,25318,SNP,Scottish National Party,S14000010,Central Ayrshire,614
Mick Whitley,4755,25798,Lab,Labour,E14000559,Birkenhead,3324
Craig Whittaker,3940,24944,Con,Conservative,E14000614,Calder Valley,3383
Mr John Whittingdale,39,10632,Con,Conservative,E14000806,Maldon,3595
Nadia Whittome,4869,25845,Lab,Labour,E14000865,Nottingham East,3664
Sir Bill Wiggin,1428,11318,Con,Conservative,E14000847,North Herefordshire,3646
James Wild,4787,25866,Con,Conservative,E14000859,North West Norfolk,3658
Craig Williams,4438,25329,Con,Conservative,W07000063,Montgomeryshire,3617
Hywel Williams,1397,11323,PC,Plaid Cymru,W07000057,Arfon,3294
Sir Gavin Williamson,4108,24729,Con,Conservative,E14000945,South Staffordshire,3750
Munira Wilson,4776,25820,LD,Liberal Democrat,E14001005,Twickenham,3814
Sammy Wilson,1593,11374,DUP,Democratic Unionist Party,N06000005,East Antrim,3459
Beth Winter,4809,25826,Lab,Labour,W07000070,Cynon Valley,3435
Dame Rosie Winterton,390,10648,Lab,Labour,E14000668,Doncaster Central,3448
Pete Wishart,1440,11333,SNP,Scottish National Party,S14000054,Perth and North Perthshire,2316
Mike Wood,4384,25362,Con,Conservative,E14000672,Dudley South,3452
Mr William Wragg,4429,25360,Con,Conservative,E14000738,Hazel Grove,3524
Sir Jeremy  Wright,1560,11791,Con,Conservative,E14000767,Kenilworth and Southam,3554
Mohammad Yasin,4598,25649,Lab,Labour,E14000552,Bedford,3313
Jacob Young,4825,25806,Con,Conservative,E14000891,Redcar,3693
Nadhim Zahawi,4113,24822,Con,Conservative,E14000977,Stratford-on-Avon,3783
Daniel Zeichner,4382,25386,Lab,Labour,E14000617,Cambridge,3386
