member_id,member_name,pcon_id,pcon_name,party_short_name,party_name
172,Ms Diane Abbott,3506,Hackney North and Stoke Newington,Lab,Labour
4212,Debbie Abrahams,3670,Oldham East and Saddleworth,Lab,Labour
4057,Nigel Adams,3720,Selby and Ainsty,Con,Conservative
4639,Bim Afolami,3535,Hitchin and Harpenden,Con,Conservative
1586,Adam Afriyie,3855,Windsor,Con,Conservative
4741,Nickie Aiken,3415,Cities of London and Westminster,Con,Conservative
4069,Peter Aldous,3834,Waveney,Con,Conservative
4138,Rushanara Ali,3320,Bethnal Green and Bow,Lab,Labour
4747,Tahir Ali,3327,"Birmingham, Hall Green",Lab,Labour
4411,Lucy Allan,3797,Telford,Con,Conservative
4573,Dr Rosena Allin-Khan,3806,Tooting,Lab,Labour
4667,Mike Amesbury,3836,Weaver Vale,Lab,Labour
4788,Fleur Anderson,3689,Putney,Lab,Labour
4743,Lee Anderson,3296,Ashfield,Con,Conservative
4742,Stuart Anderson,3864,Wolverhampton South West,Con,Conservative
4032,Stuart Andrew,3688,Pudsey,Con,Conservative
4512,Caroline Ansell,3467,Eastbourne,Con,Conservative
4623,Tonia Antoniazzi,3499,Gower,Lab,Labour
4362,Edward Argar,3401,Charnwood,Con,Conservative
4244,Jonathan Ashworth,3571,Leicester South,Lab,Labour (Co-op)
4855,Sarah Atherton,3869,Wrexham,Con,Conservative
4399,Victoria Atkins,3587,Louth and Horncastle,Con,Conservative
4798,Gareth Bacon,3672,Orpington,Con,Conservative
1451,Mr Richard Bacon,3746,South Norfolk,Con,Conservative
4597,Kemi Badenoch,3713,Saffron Walden,Con,Conservative
4757,Shaun Bailey,3842,West Bromwich West,Con,Conservative
4847,Siobhan Baillie,3786,Stroud,Con,Conservative
4784,Duncan Baker,3647,North Norfolk,Con,Conservative
4064,Mr Steve Baker,3870,Wycombe,Con,Conservative
4107,Harriett Baldwin,3848,West Worcestershire,Con,Conservative
4095,Steve Barclay,3641,North East Cambridgeshire,Con,Conservative
4486,Hannah Bardell,1826,Livingston,SNP,Scottish National Party
4828,Paula Barker,3583,"Liverpool, Wavertree",Lab,Labour
1390,Mr John Baron,3305,Basildon and Billericay,Con,Conservative
4800,Simon Baynes,3420,Clwyd South,Con,Conservative
328,Margaret Beckett,3443,Derby South,Lab,Labour
4697,Órfhlaith Begley,3847,West Tyrone,SF,Sinn Féin
4790,Apsana Begum,3683,Poplar and Limehouse,Lab,Labour
4837,Aaron Bell,3628,Newcastle-under-Lyme,Con,Conservative
413,Hilary Benn,3565,Leeds Central,Lab,Labour
4793,Scott Benton,3338,Blackpool South,Con,Conservative
103,Sir Paul Beresford,3615,Mole Valley,Con,Conservative
4060,Jake Berry,3705,Rossendale and Darwen,Con,Conservative
394,Mr Clive Betts,3723,Sheffield South East,Lab,Labour
4818,Saqib Bhatti,3601,Meriden,Con,Conservative
4421,Mhairi Black,2286,Paisley and Renfrewshire South,SNP,Scottish National Party
4390,Ian Blackford,2456,"Ross, Skye and Lochaber",SNP,Scottish National Party
4005,Bob Blackman,3517,Harrow East,Con,Conservative
4357,Kirsty Blackman,14,Aberdeen North,SNP,Scottish National Party
4864,Olivia Blake,3725,"Sheffield, Hallam",Lab,Labour
4058,Paul Blomfield,3722,Sheffield Central,Lab,Labour
104,Crispin Blunt,3695,Reigate,Con,Conservative
1581,Mr Peter Bone,3837,Wellingborough,Con,Conservative
4748,Steven Bonnar,728,"Coatbridge, Chryston and Bellshill",SNP,Scottish National Party
117,Sir Peter Bottomley,3868,Worthing West,Con,Conservative
4601,Andrew Bowie,3096,West Aberdeenshire and Kincardine,Con,Conservative
4663,Ben Bradley,3599,Mansfield,Con,Conservative
4110,Karen Bradley,3771,Staffordshire Moorlands,Con,Conservative
230,Mr Ben Bradshaw,3481,Exeter,Lab,Labour
435,Sir Graham Brady,3291,Altrincham and Sale West,Con,Conservative
4373,Mickey Brady,3631,Newry and Armagh,SF,Sinn Féin
4475,Suella Braverman,3482,Fareham,Con,Conservative
1400,Kevin Brennan,3392,Cardiff West,Lab,Labour
4643,Jack Brereton,3779,Stoke-on-Trent South,Con,Conservative
4133,Andrew Bridgen,3657,North West Leicestershire,Con,Conservative
4067,Steve Brine,3854,Winchester,Con,Conservative
4792,Paul Bristow,3678,Peterborough,Con,Conservative
4838,Sara Britcliffe,3544,Hyndburn,Con,Conservative
4417,Deidre Brock,1041,Edinburgh North and Leith,SNP,Scottish National Party
4470,Alan Brown,1624,Kilmarnock and Loudoun,SNP,Scottish National Party
1583,Ms Lyn Brown,3844,West Ham,Lab,Labour
523,Mr Nicholas Brown,3626,Newcastle upon Tyne East,Lab,Labour
4801,Anthony Browne,3738,South Cambridgeshire,Con,Conservative
3958,Fiona Bruce,3424,Congleton,Con,Conservative
1446,Chris Bryant,3696,Rhondda,Lab,Labour
4821,Felicity Buchan,3555,Kensington,Con,Conservative
199,Ms Karen Buck,3849,Westminster North,Lab,Labour
4106,Sir Robert Buckland,3752,South Swindon,Con,Conservative
4613,Alex Burghart,3361,Brentwood and Ongar,Con,Conservative
4493,Richard Burgon,3566,Leeds East,Lab,Labour
3922,Conor Burns,3351,Bournemouth West,Con,Conservative
1489,Dawn Butler,3358,Brent Central,Lab,Labour
4745,Rob Butler,3299,Aylesbury,Con,Conservative
4831,Ian Byrne,3584,"Liverpool, West Derby",Lab,Labour
1171,Liam Byrne,3328,"Birmingham, Hodge Hill",Lab,Labour
4389,Ruth Cadbury,3360,Brentford and Isleworth,Lab,Labour
4086,Alun Cairns,3819,Vale of Glamorgan,Con,Conservative
4770,Amy Callaghan,965,East Dunbartonshire,SNP,Scottish National Party
4412,Dr Lisa Cameron,985,"East Kilbride, Strathaven and Lesmahagow",SNP,Scottish National Party
529,Sir Alan Campbell,3815,Tynemouth,Lab,Labour
1409,Mr Gregory Campbell,3463,East Londonderry,DUP,Democratic Unionist Party
4651,Dan Carden,3582,"Liverpool, Walton",Lab,Labour
1442,Mr Alistair Carmichael,2256,Orkney and Shetland,LD,Liberal Democrat
4791,Andy Carter,3830,Warrington South,Con,Conservative
4519,James Cartlidge,3751,South Suffolk,Con,Conservative
288,Sir William Cash,3780,Stone,Con,Conservative
4865,Miriam Cates,3676,Penistone and Stocksbridge,Con,Conservative
4492,Maria Caulfield,3574,Lewes,Con,Conservative
4481,Alex Chalk,3406,Cheltenham,Con,Conservative
4765,Wendy Chamberlain,2135,North East Fife,LD,Liberal Democrat
4267,Sarah Champion,3707,Rotherham,Lab,Labour
4402,Douglas Chapman,929,Dunfermline and West Fife,SNP,Scottish National Party
4610,Bambos Charalambous,3475,"Enfield, Southgate",Lab,Labour
4419,Joanna Cherry,1048,Edinburgh South West,SNP,Scottish National Party
3987,Rehman Chishti,3496,Gillingham and Rainham,Con,Conservative
242,Sir Christopher Chope,3414,Christchurch,Con,Conservative
4380,Jo Churchill,3381,Bury St Edmunds,Con,Conservative
4822,Feryal Clark,3474,Enfield North,Lab,Labour
1578,Greg Clark,3813,Tunbridge Wells,Con,Conservative
4655,Mr Simon Clarke,3611,Middlesbrough South and East Cleveland,Con,Conservative
4819,Theo Clarke,3770,Stafford,Con,Conservative
4756,Brendan Clarke-Smith,3307,Bassetlaw,Con,Conservative
4835,Chris Clarkson,3533,Heywood and Middleton,Con,Conservative
4366,James Cleverly,3356,Braintree,Con,Conservative
249,Sir Geoffrey Clifton-Brown,3799,The Cotswolds,Con,Conservative
4098,Dr Thérèse Coffey,3787,Suffolk Coastal,Con,Conservative
4775,Elliot Colburn,3396,Carshalton and Wallington,Con,Conservative
3986,Damian Collins,3488,Folkestone and Hythe,Con,Conservative
4769,Daisy Cooper,3765,St Albans,LD,Liberal Democrat
1538,Rosie Cooper,3845,West Lancashire,Lab,Labour
420,Yvette Cooper,3633,"Normanton, Pontefract and Castleford",Lab,Labour
185,Jeremy Corbyn,3549,Islington North,Ind,Independent
4439,Alberto Costa,3745,South Leicestershire,Con,Conservative
4589,Robert Courts,3859,Witney,Con,Conservative
4806,Claire Coutinho,3464,East Surrey,Con,Conservative
4465,Ronnie Cowan,1555,Inverclyde,SNP,Scottish National Party
1508,Sir Geoffrey Cox,3809,Torridge and West Devon,Con,Conservative
4368,Neil Coyle,3318,Bermondsey and Old Southwark,Ind,Independent
1554,Stephen Crabb,3686,Preseli Pembrokeshire,Con,Conservative
4469,Angela Crawley,1678,Lanark and Hamilton East,SNP,Scottish National Party
4088,Stella Creasy,3825,Walthamstow,Lab,Labour (Co-op)
4859,Virginia Crosbie,3875,Ynys Môn,Con,Conservative
3950,Tracey Crouch,3402,Chatham and Aylesford,Con,Conservative
1406,Jon Cruddas,3436,Dagenham and Rainham,Lab,Labour
181,John Cryer,3578,Leyton and Wanstead,Lab,Labour
4391,Judith Cummins,3354,Bradford South,Lab,Labour
4122,Alex Cunningham,3775,Stockton North,Lab,Labour
4698,Janet Daby,3575,Lewisham East,Lab,Labour
4854,James Daly,3379,Bury North,Con,Conservative
188,Ed Davey,3557,Kingston and Surbiton,LD,Liberal Democrat
1398,Wayne David,3382,Caerphilly,Lab,Labour
1545,David T C Davies,3616,Monmouth,Con,Conservative
4850,Gareth Davies,3500,Grantham and Stamford,Con,Conservative
155,Geraint Davies,3793,Swansea West,Lab,Labour (Co-op)
4476,Dr James Davies,3818,Vale of Clwyd,Con,Conservative
4513,Mims Davies,3607,Mid Sussex,Con,Conservative
1565,Philip Davies,3728,Shipley,Con,Conservative
4849,Alex Davies-Jones,3681,Pontypridd,Lab,Labour
373,Mr David Davis,3510,Haltemprice and Howden,Con,Conservative
4737,Dehenna Davison,3334,Bishop Auckland,Con,Conservative
4488,Martyn Day,1782,Linlithgow and East Falkirk,SNP,Scottish National Party
4676,Marsha De Cordova,3310,Battersea,Lab,Labour
4433,Thangam Debbonaire,3370,Bristol West,Lab,Labour
4638,Mr Tanmanjeet Singh Dhesi,3733,Slough,Lab,Labour
4008,Dame Caroline Dinenage,3498,Gosport,Con,Conservative
4816,Miss Sarah Dines,3444,Derbyshire Dales,Con,Conservative
1425,Mr Jonathan Djanogly,3543,Huntingdon,Con,Conservative
4600,Leo Docherty,3289,Aldershot,Con,Conservative
4374,Martin Docherty-Hughes,3117,West Dunbartonshire,SNP,Scottish National Party
4657,Anneliese Dodds,3673,Oxford East,Lab,Labour (Co-op)
650,Sir Jeffrey M Donaldson,3563,Lagan Valley,DUP,Democratic Unionist Party
4530,Michelle Donelan,3411,Chippenham,Con,Conservative
4736,Dave Doogan,59,Angus,SNP,Scottish National Party
4740,Allan Dorans,99,"Ayr, Carrick and Cumnock",SNP,Scottish National Party
1481,Ms Nadine Dorries,3603,Mid Bedfordshire,Con,Conservative
4452,Steve Double,3766,St Austell and Newquay,Con,Conservative
4264,Stephen Doughty,3391,Cardiff South and Penarth,Lab,Labour (Co-op)
4397,Peter Dowd,3347,Bootle,Lab,Labour
4441,Oliver Dowden,3531,Hertsmere,Con,Conservative
4065,Jackie Doyle-Price,3803,Thurrock,Con,Conservative
4132,Richard Drax,3740,South Dorset,Con,Conservative
4459,Mrs Flick Drummond,3600,Meon Valley,Con,Conservative
1559,James Duddridge,3702,Rochford and Southend East,Con,Conservative
4616,Rosie Duffield,3388,Canterbury,Lab,Labour
4606,David Duguid,110,Banff and Buchan,Con,Conservative
152,Sir Iain Duncan Smith,3410,Chingford and Woodford Green,Con,Conservative
1542,Philip Dunne,3588,Ludlow,Con,Conservative
491,Dame Angela Eagle,3822,Wallasey,Lab,Labour
483,Maria Eagle,3493,Garston and Halewood,Lab,Labour
4846,Colum Eastwood,3490,Foyle,SDLP,Social Democratic & Labour Party
4807,Mark Eastwood,3446,Dewsbury,Con,Conservative
3943,Jonathan Edwards,3394,Carmarthen East and Dinefwr,Ind,Independent
4808,Ruth Edwards,3711,Rushcliffe,Con,Conservative
165,Clive Efford,3473,Eltham,Lab,Labour
4127,Julie Elliott,3788,Sunderland Central,Lab,Labour
4116,Michael Ellis,3660,Northampton North,Con,Conservative
1487,Mr Tobias Ellwood,3350,Bournemouth East,Ind,Independent
4572,Chris Elmore,3668,Ogmore,Lab,Labour
4795,Mrs Natalie Elphicke,3450,Dover,Con,Conservative
4870,Florence Eshalomi,3820,Vauxhall,Lab,Labour (Co-op)
4061,Bill Esterson,3719,Sefton Central,Lab,Labour
3934,George Eustice,3385,Camborne and Redruth,Con,Conservative
4040,Chris Evans,3551,Islwyn,Lab,Labour (Co-op)
4781,Dr Luke Evans,3349,Bosworth,Con,Conservative
474,Mr Nigel Evans,3697,Ribble Valley,Con,Conservative
1198,Sir David Evennett,3323,Bexleyheath and Crayford,Con,Conservative
4836,Ben Everitt,3612,Milton Keynes North,Con,Conservative
280,Michael Fabricant,3579,Lichfield,Con,Conservative
4826,Laura Farris,3624,Newbury,Con,Conservative
1591,Tim Farron,3850,Westmorland and Lonsdale,LD,Liberal Democrat
4856,Stephen Farry,3638,North Down,Alliance,Alliance
4744,Simon Fell,3304,Barrow and Furness,Con,Conservative
4440,Marion Fellows,2022,Motherwell and Wishaw,SNP,Scottish National Party
4386,Margaret Ferrier,2501,Rutherglen and Hamilton West,Ind,Independent
4823,John Finucane,3315,Belfast North,SF,Sinn Féin
4936,Anna Firth,3762,Southend West,Con,Conservative
4378,Colleen Fletcher,3427,Coventry North East,Lab,Labour
4834,Katherine Fletcher,3748,South Ribble,Con,Conservative
4774,Mark Fletcher,3343,Bolsover,Con,Conservative
4832,Nick Fletcher,3447,Don Valley,Con,Conservative
4735,Stephen Flynn,20,Aberdeen South,SNP,Scottish National Party
4942,Richard Foord,3804,Tiverton and Honiton,LD,Liberal Democrat
4674,Vicky Ford,3404,Chelmsford,Con,Conservative
4451,Kevin Foster,3807,Torbay,Con,Conservative
4034,Yvonne Fovargue,3594,Makerfield,Lab,Labour
223,Dr Liam Fox,3649,North Somerset,Con,Conservative
4491,Vicky Foxcroft,3577,"Lewisham, Deptford",Lab,Labour
4753,Mary Kelly Foy,3417,City of Durham,Lab,Labour
1444,Mr Mark Francois,3690,Rayleigh and Wickford,Con,Conservative
4517,Lucy Frazer,3742,South East Cambridgeshire,Con,Conservative
4020,George Freeman,3606,Mid Norfolk,Con,Conservative
4004,Mike Freer,3487,Finchley and Golders Green,Con,Conservative
4932,Mr Louie French,3669,Old Bexley and Sidcup,Con,Conservative
3912,Richard Fuller,3640,North East Bedfordshire,Con,Conservative
4571,Gill Furniss,3724,"Sheffield, Brightside and Hillsborough",Lab,Labour
4446,Mr Marcus Fysh,3874,Yeovil,Con,Conservative
87,Sir Roger Gale,3651,North Thanet,Con,Conservative
146,Barry Gardiner,3359,Brent North,Lab,Labour
4074,Mark Garnier,3872,Wyre Forest,Con,Conservative
4460,Ms Nusrat Ghani,3835,Wealden,Con,Conservative
111,Nick Gibb,3342,Bognor Regis and Littlehampton,Con,Conservative
4435,Patricia Gibson,2104,North Ayrshire and Arran,SNP,Scottish National Party
4754,Peter Gibson,3437,Darlington,Con,Conservative
4817,Jo Gideon,3777,Stoke-on-Trent Central,Con,Conservative
1416,Michelle Gildernew,3485,Fermanagh and South Tyrone,SF,Sinn Féin
4603,Preet Kaur Gill,3325,"Birmingham, Edgbaston",Lab,Labour (Co-op)
4633,Paul Girvan,3736,South Antrim,DUP,Democratic Unionist Party
4051,John Glen,3715,Salisbury,Con,Conservative
4126,Mary Glindon,3652,North Tyneside,Lab,Labour
1562,Sir Robert Goodwill,3716,Scarborough and Whitby,Con,Conservative
1571,Michael Gove,3789,Surrey Heath,Con,Conservative
4432,Patrick Grady,1205,Glasgow North,Ind,Independent
3990,Richard Graham,3497,Gloucester,Con,Conservative
4018,Mrs Helen Grant,3593,Maidstone and The Weald,Con,Conservative
4466,Peter Grant,1274,Glenrothes,SNP,Scottish National Party
261,James Gray,3659,North Wiltshire,Con,Conservative
1413,Chris Grayling,3477,Epsom and Ewell,Con,Conservative
4398,Chris Green,3346,Bolton West,Con,Conservative
76,Damian Green,3297,Ashford,Con,Conservative
4120,Kate Green,3785,Stretford and Urmston,Lab,Labour
4918,Sarah Green,3407,Chesham and Amersham,LD,Liberal Democrat
4029,Lilian Greenwood,3666,Nottingham South,Lab,Labour
4400,Margaret Greenwood,3857,Wirral West,Lab,Labour
4874,Andrew Griffith,3295,Arundel and South Downs,Con,Conservative
1541,Dame Nia Griffith,3585,Llanelli,Lab,Labour
4773,Kate Griffiths,3378,Burton,Con,Conservative
4843,James Grundy,3573,Leigh,Con,Conservative
4814,Jonathan Gullis,3778,Stoke-on-Trent North,Con,Conservative
1506,Andrew Gwynne,3441,Denton and Reddish,Lab,Labour
4473,Louise Haigh,3726,"Sheffield, Heeley",Lab,Labour
3985,Robert Halfon,3515,Harlow,Con,Conservative
4450,Luke Hall,3802,Thornbury and Yate,Con,Conservative
415,Fabian Hamilton,3567,Leeds North East,Lab,Labour
4938,Mrs Paulette Hamilton,3326,"Birmingham, Erdington",Lab,Labour
1585,Stephen Hammond,3853,Wimbledon,Con,Conservative
4070,Matt Hancock,3846,West Suffolk,Con,Conservative
1526,Greg Hands,3405,Chelsea and Fulham,Con,Conservative
4827,Claire Hanna,3316,Belfast South,SDLP,Social Democratic & Labour Party
4782,Neale Hanvey,1661,Kirkcaldy and Cowdenbeath,Alba,Alba Party
4645,Emma Hardy,3560,Kingston upon Hull West and Hessle,Lab,Labour
150,Ms Harriet Harman,3384,Camberwell and Peckham,Lab,Labour
1520,Mr Mark Harper,3489,Forest of Dean,Con,Conservative
4480,Carolyn Harris,3792,Swansea East,Lab,Labour
3948,Rebecca Harris,3397,Castle Point,Con,Conservative
4593,Trudy Harrison,3425,Copeland,Con,Conservative
4842,Sally-Ann Hart,3521,Hastings and Rye,Con,Conservative
3944,Simon Hart,3395,Carmarthen West and South Pembrokeshire,Con,Conservative
4510,Helen Hayes,3453,Dulwich and West Norwood,Lab,Labour
350,Sir John Hayes,3744,South Holland and The Deepings,Con,Conservative
4636,Chris Hazzard,3741,South Down,SF,Sinn Féin
69,Sir Oliver Heald,3644,North East Hertfordshire,Con,Conservative
400,John Healey,3840,Wentworth and Dearne,Lab,Labour
4528,James Heappey,3838,Wells,Con,Conservative
3977,Chris Heaton-Harris,3439,Daventry,Con,Conservative
4050,Gordon Henderson,3730,Sittingbourne and Sheppey,Con,Conservative
473,Sir Mark Hendrick,3687,Preston,Lab,Labour (Co-op)
4467,Drew Hendry,1561,"Inverness, Nairn, Badenoch and Strathspey",SNP,Scottish National Party
4794,Darren Henry,3375,Broxtowe,Con,Conservative
4833,Antony Higginbotham,3377,Burnley,Con,Conservative
1524,Dame Meg Hillier,3507,Hackney South and Shoreditch,Lab,Labour (Co-op)
3969,Damian Hinds,3462,East Hampshire,Con,Conservative
4494,Simon Hoare,3637,North Dorset,Con,Conservative
4602,Wera Hobhouse,3308,Bath,LD,Liberal Democrat
140,Dame Margaret Hodge,3301,Barking,Lab,Labour
1521,Mrs Sharon Hodgson,3832,Washington and Sunderland West,Lab,Labour
4813,Mr Richard Holden,3655,North West Durham,Con,Conservative
4363,Kate Hollern,3335,Blackburn,Lab,Labour
4474,Kevin Hollinrake,3801,Thirsk and Malton,Con,Conservative
1537,Mr Philip Hollobone,3556,Kettering,Con,Conservative
1522,Adam Holloway,3501,Gravesham,Con,Conservative
4803,Paul Holmes,3468,Eastleigh,Con,Conservative
4873,Rachel Hopkins,3590,Luton South,Lab,Labour
1514,Stewart Hosie,922,Dundee East,SNP,Scottish National Party
481,Sir George Howarth,3562,Knowsley,Lab,Labour
1606,John Howell,3528,Henley,Con,Conservative
4830,Paul Howell,3718,Sedgefield,Con,Conservative
467,Sir Lindsay Hoyle,3413,Chorley,Spk,Speaker
4407,Nigel Huddleston,3609,Mid Worcestershire,Con,Conservative
4853,Dr Neil Hudson,3677,Penrith and The Border,Con,Conservative
4635,Eddie Hughes,3823,Walsall North,Con,Conservative
4839,Jane Hunt,3586,Loughborough,Con,Conservative
1572,Jeremy Hunt,3758,South West Surrey,Con,Conservative
4771,Tom Hunt,3547,Ipswich,Con,Conservative
4511,Dr Rupa Huq,3455,Ealing Central and Acton,Lab,Labour
4394,Imran Hussain,3353,Bradford East,Lab,Labour
4619,Mr Alister Jack,911,Dumfries and Galloway,Con,Conservative
4634,Christine Jardine,1054,Edinburgh West,LD,Liberal Democrat
4243,Dan Jarvis,3302,Barnsley Central,Lab,Labour
3945,Sajid Javid,3373,Bromsgrove,Con,Conservative
4498,Mr Ranil Jayawardena,3643,North East Hampshire,Con,Conservative
40,Sir Bernard Jenkin,3520,Harwich and North Essex,Con,Conservative
4752,Mark Jenkinson,3866,Workington,Con,Conservative
4490,Andrea Jenkyns,3619,Morley and Outwood,Con,Conservative
4320,Robert Jenrick,3623,Newark,Con,Conservative
1423,Boris Johnson,3817,Uxbridge and South Ruislip,Con,Conservative
4592,Dr Caroline Johnson,3732,Sleaford and North Hykeham,Con,Conservative
1533,Dame Diana Johnson,3559,Kingston upon Hull North,Lab,Labour
3970,Gareth Johnson,3438,Dartford,Con,Conservative
4824,Kim Johnson,3581,"Liverpool, Riverside",Lab,Labour
4761,David Johnston,3827,Wantage,Con,Conservative
3996,Andrew Jones,3516,Harrogate and Knaresborough,Con,Conservative
4621,Darren Jones,3368,Bristol North West,Lab,Labour
1502,Mr David Jones,3421,Clwyd West,Con,Conservative
4763,Fay Jones,3357,Brecon and Radnorshire,Con,Conservative
4501,Gerald Jones,3602,Merthyr Tydfil and Rhymney,Lab,Labour
1438,Mr Kevan Jones,3639,North Durham,Lab,Labour
4024,Mr Marcus Jones,3667,Nuneaton,Con,Conservative
4716,Ruth Jones,3630,Newport West,Lab,Labour
4631,Sarah Jones,3432,Croydon Central,Lab,Labour
4862,Simon Jupp,3460,East Devon,Con,Conservative
4316,Mike Kane,3873,Wythenshawe and Sale East,Lab,Labour
1566,Daniel Kawczynski,3729,Shrewsbury and Atcham,Con,Conservative
4805,Alicia Kearns,3712,Rutland and Melton,Con,Conservative
4680,Gillian Keegan,3409,Chichester,Con,Conservative
1588,Barbara Keeley,3867,Worsley and Eccles South,Lab,Labour
4026,Liz Kendall,3572,Leicester West,Lab,Labour
4671,Afzal Khan,3597,"Manchester, Gorton",Lab,Labour
4359,Stephen Kinnock,3287,Aberavon,Lab,Labour
1200,Sir Greg Knight,3466,East Yorkshire,Con,Conservative
4410,Julian Knight,3734,Solihull,Con,Conservative
4858,Danny Kruger,3445,Devizes,Con,Conservative
4134,Kwasi Kwarteng,3764,Spelthorne,Con,Conservative
4505,Peter Kyle,3541,Hove,Lab,Labour
36,Dame Eleanor Laing,3476,Epping Forest,Con,Conservative
4630,Ben Lake,3400,Ceredigion,PC,Plaid Cymru
206,Mr David Lammy,3811,Tottenham,Lab,Labour
4608,John Lamont,216,"Berwickshire, Roxburgh and Selkirk",Con,Conservative
4852,Robert Largan,3534,High Peak,Con,Conservative
4025,Mrs Pauline Latham,3604,Mid Derbyshire,Con,Conservative
4139,Ian Lavery,3826,Wansbeck,Lab,Labour
4403,Chris Law,927,Dundee West,SNP,Scottish National Party
4923,Kim Leadbeater,3309,Batley and Spen,Lab,Labour
4117,Andrea Leadsom,3747,South Northamptonshire,Con,Conservative
345,Sir Edward Leigh,3492,Gainsborough,Con,Conservative
4749,Ian Levy,3341,Blyth Valley,Con,Conservative
4277,Mrs Emma Lewell-Buck,3749,South Shields,Lab,Labour
4659,Andrew Lewer,3661,Northampton South,Con,Conservative
4009,Brandon Lewis,3503,Great Yarmouth,Con,Conservative
4500,Clive Lewis,3663,Norwich South,Lab,Labour
54,Dr Julian Lewis,3621,New Forest East,Con,Conservative
1396,Mr Ian Liddell-Grainger,3363,Bridgwater and West Somerset,Con,Conservative
4943,Simon Lightwood,3821,Wakefield,Lab,Labour (Co-op)
4640,David Linden,1204,Glasgow East,SNP,Scottish National Party
450,Tony Lloyd,3700,Rochdale,Lab,Labour
4857,Carla Lockhart,3816,Upper Bann,DUP,Democratic Unionist Party
4751,Chris Loder,3843,West Dorset,Con,Conservative
4815,Mark Logan,3344,Bolton North East,Con,Conservative
4396,Rebecca Long Bailey,3714,Salford and Eccles,Lab,Labour
4789,Marco Longhi,3451,Dudley North,Con,Conservative
4647,Julia Lopez,3537,Hornchurch and Upminster,Con,Conservative
3989,Jack Lopresti,3486,Filton and Bradley Stoke,Con,Conservative
4090,Mr Jonathan Lord,3860,Woking,Con,Conservative
114,Tim Loughton,3465,East Worthing and Shoreham,Con,Conservative
3930,Caroline Lucas,3366,"Brighton, Pavilion",Green,Green Party
4472,Holly Lynch,3509,Halifax,Lab,Labour
4772,Kenny MacAskill,991,East Lothian,Alba,Alba Party
4529,Craig Mackinlay,3753,South Thanet,Con,Conservative
4758,Cherilyn Mackrory,3812,Truro and Falmouth,Con,Conservative
4668,Rachel Maclean,3694,Redditch,Con,Conservative
1546,Angus Brendan MacNeil,2025,Na h-Eileanan an Iar,SNP,Scottish National Party
4418,Justin Madders,3471,Ellesmere Port and Neston,Lab,Labour
1392,Mr Khalid Mahmood,3331,"Birmingham, Perry Barr",Lab,Labour
3914,Shabana Mahmood,3329,"Birmingham, Ladywood",Lab,Labour
4484,Alan Mak,3522,Havant,Con,Conservative
4253,Seema Malhotra,3484,Feltham and Heston,Lab,Labour (Co-op)
4495,Kit Malthouse,3656,North West Hampshire,Con,Conservative
4762,Anthony Mangnall,3810,Totnes,Con,Conservative
4496,Scott Mann,3635,North Cornwall,Con,Conservative
4768,Julie Marson,3530,Hertford and Stortford,Con,Conservative
4471,Rachael Maskell,3876,York Central,Lab,Labour (Co-op)
4245,Paul Maskey,3317,Belfast West,SF,Sinn Féin
4408,Christian Matheson,3416,City of Chester,Lab,Labour
8,Mrs Theresa May,3592,Maidenhead,Con,Conservative
4739,Jerome Mayhew,3371,Broadland,Con,Conservative
3926,Paul Maynard,3337,Blackpool North and Cleveleys,Con,Conservative
298,Steve McCabe,3332,"Birmingham, Selly Oak",Lab,Labour
1491,Kerry McCarthy,3367,Bristol East,Lab,Labour
3953,Jason McCartney,3423,Colne Valley,Con,Conservative
4028,Karl McCartney,3580,Lincoln,Con,Conservative
193,Siobhain McDonagh,3614,Mitcham and Morden,Lab,Labour
4269,Andy McDonald,3610,Middlesbrough,Lab,Labour
4461,Stewart Malcolm McDonald,1208,Glasgow South,SNP,Scottish National Party
4393,Stuart C McDonald,804,"Cumbernauld, Kilsyth and Kirkintilloch East",SNP,Scottish National Party
178,John McDonnell,3523,Hayes and Harlington,Lab,Labour
1587,Pat McFadden,3863,Wolverhampton South East,Lab,Labour
4458,Conor McGinn,3767,St Helens North,Lab,Labour
4083,Alison McGovern,3856,Wirral South,Lab,Labour
4125,Catherine McKinnell,3627,Newcastle upon Tyne North,Lab,Labour
4437,Anne McLaughlin,1206,Glasgow North East,SNP,Scottish National Party
4569,Jim McMahon,3671,Oldham West and Royton,Lab,Labour (Co-op)
4632,Anna McMorrin,3390,Cardiff North,Lab,Labour
4424,John McNally,1115,Falkirk,SNP,Scottish National Party
4093,Stephen McPartland,3773,Stevenage,Con,Conservative
4084,Esther McVey,3795,Tatton,Con,Conservative
4000,Ian Mearns,3494,Gateshead,Lab,Labour
3998,Mark Menzies,3491,Fylde,Con,Conservative
4485,Johnny Mercer,3679,"Plymouth, Moor View",Con,Conservative
4442,Huw Merriman,3322,Bexhill and Battle,Con,Conservative
4092,Stephen Metcalfe,3737,South Basildon and East Thurrock,Con,Conservative
1510,Edward Miliband,3449,Doncaster North,Lab,Labour
4746,Robin Millar,3288,Aberconwy,Con,Conservative
1480,Dame Maria Miller,3306,Basingstoke,Con,Conservative
4454,Amanda Milling,3387,Cannock Chase,Con,Conservative
4136,Nigel Mills,3293,Amber Valley,Con,Conservative
4811,Navendu Mishra,3774,Stockport,Lab,Labour
1211,Mr Andrew Mitchell,3791,Sutton Coldfield,Con,Conservative
4804,Mr Gagan Mohindra,3756,South West Hertfordshire,Con,Conservative
4274,Francie Molloy,3608,Mid Ulster,SF,Sinn Féin
4443,Carol Monaghan,1207,Glasgow North West,SNP,Scottish National Party
4669,Damien Moore,3763,Southport,Con,Conservative
4861,Robbie Moore,3553,Keighley,Con,Conservative
4656,Layla Moran,3674,Oxford West and Abingdon,LD,Liberal Democrat
4017,Penny Mordaunt,3684,Portsmouth North,Con,Conservative
1548,Jessica Morden,3629,Newport East,Lab,Labour
4934,Helen Morgan,3648,North Shropshire,LD,Liberal Democrat
4653,Stephen Morgan,3685,Portsmouth South,Lab,Labour
4249,Anne Marie Morris,3632,Newton Abbot,Con,Conservative
4135,David Morris,3618,Morecambe and Lunesdale,Con,Conservative
3973,Grahame Morris,3458,Easington,Lab,Labour
3992,James Morris,3508,Halesowen and Rowley Regis,Con,Conservative
4759,Joy Morrissey,3311,Beaconsfield,Con,Conservative
4916,Jill Mortimer,3519,Hartlepool,Con,Conservative
4358,Wendy Morton,3290,Aldridge-Brownhills,Con,Conservative
4860,Dr Kieran Mullan,3431,Crewe and Nantwich,Con,Conservative
4867,Holly Mumby-Croft,3717,Scunthorpe,Con,Conservative
1512,David Mundell,914,"Dumfriesshire, Clydesdale and Tweeddale",Con,Conservative
3966,Ian Murray,1047,Edinburgh South,Lab,Labour
4797,James Murray,3456,Ealing North,Lab,Labour (Co-op)
4100,Mrs Sheryll Murray,3743,South East Cornwall,Con,Conservative
1466,Dr Andrew Murrison,3759,South West Wiltshire,Con,Conservative
4082,Lisa Nandy,3852,Wigan,Lab,Labour
1601,Sir Robert Neill,3372,Bromley and Chislehurst,Con,Conservative
4420,Gavin Newlands,2285,Paisley and Renfrewshire North,SNP,Scottish National Party
4799,Charlotte Nichols,3829,Warrington North,Lab,Labour
4851,Lia Nici,3502,Great Grimsby,Con,Conservative
4415,John Nicolson,2234,Ochil and South Perthshire,SNP,Scottish National Party
4048,Caroline Nokes,3704,Romsey and Southampton North,Con,Conservative
3991,Jesse Norman,3529,Hereford and South Herefordshire,Con,Conservative
4641,Alex Norris,3665,Nottingham North,Lab,Labour (Co-op)
4679,Neil O'Brien,3514,Harborough,Con,Conservative
4006,Dr Matthew Offord,3527,Hendon,Con,Conservative
4371,Brendan O'Hara,67,Argyll and Bute,SNP,Scottish National Party
4591,Sarah Olney,3699,Richmond Park,LD,Liberal Democrat
4124,Chi Onwurah,3625,Newcastle upon Tyne Central,Lab,Labour
4142,Guy Opperman,3532,Hexham,Con,Conservative
4820,Abena Oppong-Asare,3479,Erith and Thamesmead,Lab,Labour
4515,Kate Osamor,3470,Edmonton,Lab,Labour (Co-op)
4783,Kate Osborne,3552,Jarrow,Lab,Labour
4413,Kirsten Oswald,994,East Renfrewshire,SNP,Scottish National Party
4779,Taiwo Owatemi,3428,Coventry North West,Lab,Labour
4777,Sarah Owen,3589,Luton North,Lab,Labour
4129,Ian Paisley,3634,North Antrim,DUP,Democratic Unionist Party
4066,Priti Patel,3858,Witham,Con,Conservative
4052,Mark Pawsey,3708,Rugby,Con,Conservative
4607,Stephanie Peacock,3303,Barnsley East,Lab,Labour
1528,Sir Mike Penning,3525,Hemel Hempstead,Con,Conservative
4520,Matthew Pennycook,3504,Greenwich and Woolwich,Lab,Labour
1584,John Penrose,3851,Weston-super-Mare,Con,Conservative
3939,Andrew Percy,3364,Brigg and Goole,Con,Conservative
3952,Mr Toby Perkins,3408,Chesterfield,Lab,Labour
4370,Jess Phillips,3333,"Birmingham, Yardley",Lab,Labour
4046,Bridget Phillipson,3540,Houghton and Sunderland South,Lab,Labour
4503,Chris Philp,3434,Croydon South,Con,Conservative
4075,Christopher Pincher,3794,Tamworth,Ind,Independent
4682,Luke Pollard,3680,"Plymouth, Sutton and Devonport",Lab,Labour (Co-op)
3932,Dr Dan Poulter,3399,Central Suffolk and North Ipswich,Con,Conservative
4522,Rebecca Pow,3796,Taunton Deane,Con,Conservative
4263,Lucy Powell,3596,Manchester Central,Lab,Labour (Co-op)
4401,Victoria Prentis,3300,Banbury,Con,Conservative
1576,Mark Pritchard,3800,The Wrekin,Con,Conservative
4369,Tom Pursglove,3426,Corby,Con,Conservative
4917,Ms Anum Qaisar,36,Airdrie and Shotts,SNP,Scottish National Party
4507,Jeremy Quin,3539,Horsham,Con,Conservative
4423,Will Quince,3422,Colchester,Con,Conservative
3924,Yasmin Qureshi,3345,Bolton South East,Lab,Labour
4007,Dominic Raab,3480,Esher and Walton,Con,Conservative
4845,Tom Randall,3495,Gedling,Con,Conservative
4356,Angela Rayner,3298,Ashton-under-Lyne,Lab,Labour
14,John Redwood,3861,Wokingham,Con,Conservative
4268,Steve Reed,3433,Croydon North,Lab,Labour (Co-op)
4525,Christina Rees,3620,Neath,Lab,Labour (Co-op)
4099,Mr Jacob Rees-Mogg,3645,North East Somerset,Con,Conservative
4620,Ellie Reeves,3576,Lewisham West and Penge,Lab,Labour
4031,Rachel Reeves,3569,Leeds West,Lab,Labour
4119,Jonathan Reynolds,3772,Stalybridge and Hyde,Lab,Labour (Co-op)
4764,Bell Ribeiro-Addy,3784,Streatham,Lab,Labour
4868,Nicola Richards,3841,West Bromwich East,Con,Conservative
4840,Angela Richardson,3505,Guildford,Con,Conservative
4457,Ms Marie Rimmer,3768,St Helens South and Whiston,Lab,Labour
4810,Rob Roberts,3440,Delyn,Ind,Independent
253,Mr Laurence Robertson,3798,Tewkesbury,Con,Conservative
4360,Gavin Robinson,3314,Belfast East,DUP,Democratic Unionist Party
4406,Mary Robinson,3403,Cheadle,Con,Conservative
4654,Matt Rodda,3691,Reading East,Lab,Labour
1447,Andrew Rosindell,3703,Romford,Con,Conservative
4627,Douglas Ross,2004,Moray,Con,Conservative
4652,Lee Rowley,3642,North East Derbyshire,Con,Conservative
4812,Dean Russell,3833,Watford,Con,Conservative
4615,Lloyd Russell-Moyle,3365,"Brighton, Kemptown",Lab,Labour (Co-op)
4033,David Rutley,3591,Macclesfield,Con,Conservative
4760,Gary Sambrook,3330,"Birmingham, Northfield",Con,Conservative
4521,Liz Saville Roberts,3454,Dwyfor Meirionnydd,PC,Plaid Cymru
4863,Selaine Saxby,3636,North Devon,Con,Conservative
4414,Paul Scully,3790,Sutton and Cheam,Con,Conservative
4681,Bob Seely,3548,Isle of Wight,Con,Conservative
1453,Andrew Selous,3754,South West Bedfordshire,Con,Conservative
4409,Naz Shah,3355,Bradford West,Lab,Labour
4131,Jim Shannon,3782,Strangford,DUP,Democratic Unionist Party
1582,Grant Shapps,3839,Welwyn Hatfield,Con,Conservative
4014,Alok Sharma,3692,Reading West,Con,Conservative
1604,Mr Virendra Sharma,3457,"Ealing, Southall",Lab,Labour
411,Mr Barry Sheerman,3542,Huddersfield,Lab,Labour (Co-op)
3997,Alec Shelbrooke,3472,Elmet and Rothwell,Con,Conservative
4453,Tommy Sheppard,1035,Edinburgh East,SNP,Scottish National Party
4518,Tulip Siddiq,3513,Hampstead and Kilburn,Lab,Labour
4872,David Simmonds,3709,"Ruislip, Northwood and Pinner",Con,Conservative
4021,Chris Skidmore,3561,Kingswood,Con,Conservative
1516,Andy Slaughter,3512,Hammersmith,Lab,Labour
4738,Alyn Smith,2784,Stirling,SNP,Scottish National Party
4436,Cat Smith,3564,Lancaster and Fleetwood,Lab,Labour
1609,Chloe Smith,3662,Norwich North,Con,Conservative
4778,Greg Smith,3376,Buckingham,Con,Conservative
3960,Henry Smith,3430,Crawley,Con,Conservative
4456,Jeff Smith,3598,"Manchester, Withington",Lab,Labour
4118,Julian Smith,3731,Skipton and Ripon,Con,Conservative
3928,Nick Smith,3339,Blaenau Gwent,Lab,Labour
4478,Royston Smith,3760,"Southampton, Itchen",Con,Conservative
4444,Karin Smyth,3369,Bristol South,Lab,Labour
4658,Alex Sobel,3568,Leeds North West,Lab,Labour (Co-op)
4372,Amanda Solloway,3442,Derby North,Con,Conservative
318,John Spellar,3828,Warley,Lab,Labour
4785,Dr Ben Spencer,3710,Runnymede and Weybridge,Con,Conservative
4055,Mark Spencer,3727,Sherwood,Con,Conservative
4866,Alexander Stafford,3706,Rother Valley,Con,Conservative
4514,Keir Starmer,3536,Holborn and St Pancras,Lab,Labour
4463,Chris Stephens,1209,Glasgow South West,SNP,Scottish National Party
4044,Andrew Stephenson,3675,Pendle,Con,Conservative
4425,Jo Stevens,3389,Cardiff Central,Lab,Labour
4750,Jane Stevenson,3862,Wolverhampton North East,Con,Conservative
3942,John Stevenson,3393,Carlisle,Con,Conservative
3919,Bob Stewart,3312,Beckenham,Con,Conservative
4015,Iain Stewart,3613,Milton Keynes South,Con,Conservative
4612,Jamie Stone,543,"Caithness, Sutherland and Easter Ross",LD,Liberal Democrat
234,Sir Gary Streeter,3755,South West Devon,Con,Conservative
4504,Wes Streeting,3545,Ilford North,Lab,Labour
3935,Mel Stride,3398,Central Devon,Con,Conservative
449,Graham Stringer,3336,Blackley and Broughton,Lab,Labour
1482,Graham Stuart,3321,Beverley and Holderness,Con,Conservative
4079,Julian Sturdy,3877,York Outer,Con,Conservative
4786,Zarah Sultana,3429,Coventry South,Lab,Labour
4483,Rishi Sunak,3698,Richmond (Yorks),Con,Conservative
4767,James Sunderland,3352,Bracknell,Con,Conservative
55,Sir Desmond Swayne,3622,New Forest West,Con,Conservative
245,Sir Robert Syms,3682,Poole,Con,Conservative
1383,Mark Tami,3292,Alyn and Deeside,Lab,Labour
4829,Sam Tarry,3546,Ilford South,Lab,Labour
4430,Alison Thewliss,1203,Glasgow Central,SNP,Scottish National Party
4532,Derek Thomas,3769,St Ives,Con,Conservative
177,Gareth Thomas,3518,Harrow West,Lab,Labour (Co-op)
4479,Nick Thomas-Symonds,3808,Torfaen,Lab,Labour
4482,Owen Thompson,1977,Midlothian,SNP,Scottish National Party
4796,Richard Thomson,1284,Gordon,SNP,Scottish National Party
1536,Emily Thornberry,3550,Islington South and Finsbury,Lab,Labour
4447,Maggie Throup,3478,Erewash,Con,Conservative
163,Sir Stephen Timms,3461,East Ham,Lab,Labour
1605,Edward Timpson,3469,Eddisbury,Con,Conservative
4487,Kelly Tolhurst,3701,Rochester and Strood,Con,Conservative
4105,Justin Tomlinson,3650,North Swindon,Con,Conservative
4497,Michael Tomlinson,3605,Mid Dorset and North Poole,Con,Conservative
4509,Craig Tracey,3653,North Warwickshire,Con,Conservative
4531,Anne-Marie Trevelyan,3319,Berwick-upon-Tweed,Con,Conservative
410,Jon Trickett,3526,Hemsworth,Lab,Labour
4780,Laura Trott,3721,Sevenoaks,Con,Conservative
4097,Elizabeth Truss,3757,South West Norfolk,Con,Conservative
4462,Tom Tugendhat,3805,Tonbridge and Malling,Con,Conservative
4030,Karl Turner,3558,Kingston upon Hull East,Lab,Labour
429,Derek Twigg,3511,Halton,Lab,Labour
4618,Liz Twist,3340,Blaydon,Lab,Labour
1496,Shailesh Vara,3654,North West Cambridgeshire,Con,Conservative
4076,Valerie Vaz,3824,Walsall South,Lab,Labour
3957,Martin Vickers,3419,Cleethorpes,Con,Conservative
4844,Matt Vickers,3776,Stockton South,Con,Conservative
1500,Theresa Villiers,3412,Chipping Barnet,Con,Conservative
4871,Christian Wakeford,3380,Bury South,Lab,Labour
1493,Sir Charles Walker,3374,Broxbourne,Con,Conservative
4091,Mr Robin Walker,3865,Worcester,Con,Conservative
1539,Mr Ben Wallace,3871,Wyre and Preston North,Con,Conservative
4766,Dr Jamie Wallis,3362,Bridgend,Con,Conservative
4526,David Warburton,3735,Somerton and Frome,Ind,Independent
4361,Matt Warman,3348,Boston and Skegness,Con,Conservative
4677,Giles Watling,3418,Clacton,Con,Conservative
4802,Suzanne Webb,3781,Stourbridge,Con,Conservative
4848,Claudia Webbe,3570,Leicester East,Ind,Independent
4523,Catherine West,3538,Hornsey and Wood Green,Lab,Labour
4617,Matt Western,3831,Warwick and Leamington,Lab,Labour
4527,Helen Whately,3483,Faversham and Mid Kent,Con,Conservative
4053,Mrs Heather Wheeler,3739,South Derbyshire,Con,Conservative
62,Dr Alan Whitehead,3761,"Southampton, Test",Lab,Labour
4385,Dr Philippa Whitford,614,Central Ayrshire,SNP,Scottish National Party
4755,Mick Whitley,3324,Birkenhead,Lab,Labour
3940,Craig Whittaker,3383,Calder Valley,Con,Conservative
39,Mr John Whittingdale,3595,Maldon,Con,Conservative
4869,Nadia Whittome,3664,Nottingham East,Lab,Labour
1428,Sir Bill Wiggin,3646,North Herefordshire,Con,Conservative
4787,James Wild,3658,North West Norfolk,Con,Conservative
4438,Craig Williams,3617,Montgomeryshire,Con,Conservative
1397,Hywel Williams,3294,Arfon,PC,Plaid Cymru
4108,Sir Gavin Williamson,3750,South Staffordshire,Con,Conservative
4776,Munira Wilson,3814,Twickenham,LD,Liberal Democrat
1593,Sammy Wilson,3459,East Antrim,DUP,Democratic Unionist Party
4809,Beth Winter,3435,Cynon Valley,Lab,Labour
390,Dame Rosie Winterton,3448,Doncaster Central,Lab,Labour
1440,Pete Wishart,2316,Perth and North Perthshire,SNP,Scottish National Party
4384,Mike Wood,3452,Dudley South,Con,Conservative
4429,Mr William Wragg,3524,Hazel Grove,Con,Conservative
1560,Sir Jeremy  Wright,3554,Kenilworth and Southam,Con,Conservative
4598,Mohammad Yasin,3313,Bedford,Lab,Labour
4825,Jacob Young,3693,Redcar,Con,Conservative
4113,Nadhim Zahawi,3783,Stratford-on-Avon,Con,Conservative
4382,Daniel Zeichner,3386,Cambridge,Lab,Labour
